Combination Number,criterion,max_depth,min_samples_split,min_samples_leaf,min_weight_fraction_leaf,max_features,max_leaf_nodes,min_impurity_decrease,class_weight,ccp_alpha,Average F1 Score (5-fold),Average Accuracy (5-fold),Test Accuracy,Test F1 Score
1,gini,,2,1,0.0,,,0.0,,0.0,0.992587507757557,0.9926136363636363,0.990909090909091,0.9909681049626702
2,gini,,2,1,0.0,,,0.0,balanced,0.0,0.9919919382063078,0.9920454545454545,0.990909090909091,0.9909681049626702
3,gini,,2,1,0.0,sqrt,,0.0,,0.0,0.9931589951041229,0.9931818181818182,0.9886363636363636,0.9887866161616162
4,gini,,2,1,0.0,sqrt,,0.0,balanced,0.0,0.9925656528940555,0.9926136363636363,0.9840909090909091,0.9842539296890621
5,gini,,2,1,0.0,log2,,0.0,,0.0,0.9931589951041229,0.9931818181818182,0.9886363636363636,0.9887866161616162
6,gini,,2,1,0.0,log2,,0.0,balanced,0.0,0.9925656528940555,0.9926136363636363,0.9840909090909091,0.9842539296890621
7,gini,,2,2,0.0,,,0.0,,0.0,0.9925624874487321,0.9926136363636363,0.990909090909091,0.9909681049626702
8,gini,,2,2,0.0,,,0.0,balanced,0.0,0.9913849204623416,0.9914772727272727,0.990909090909091,0.9909681049626702
9,gini,,2,2,0.0,sqrt,,0.0,,0.0,0.9937020165304192,0.99375,0.9931818181818182,0.9931754816901672
10,gini,,2,2,0.0,sqrt,,0.0,balanced,0.0,0.9931589951041229,0.9931818181818182,0.9931818181818182,0.9931754816901672
11,gini,,2,2,0.0,log2,,0.0,,0.0,0.9937020165304192,0.99375,0.9931818181818182,0.9931754816901672
12,gini,,2,2,0.0,log2,,0.0,balanced,0.0,0.9931589951041229,0.9931818181818182,0.9931818181818182,0.9931754816901672
13,gini,,2,4,0.0,,,0.0,,0.0,0.9902240100398225,0.990340909090909,0.990909090909091,0.9909681049626702
14,gini,,2,4,0.0,,,0.0,balanced,0.0,0.9902240100398225,0.990340909090909,0.990909090909091,0.9909681049626702
15,gini,,2,4,0.0,sqrt,,0.0,,0.0,0.9908825124636597,0.9909090909090909,0.9886363636363636,0.9886372421519275
16,gini,,2,4,0.0,sqrt,,0.0,balanced,0.0,0.9914435845647451,0.9914772727272727,0.9863636363636363,0.9863754794793652
17,gini,,2,4,0.0,log2,,0.0,,0.0,0.9908825124636597,0.9909090909090909,0.9886363636363636,0.9886372421519275
18,gini,,2,4,0.0,log2,,0.0,balanced,0.0,0.9914435845647451,0.9914772727272727,0.9863636363636363,0.9863754794793652
19,gini,,5,1,0.0,,,0.0,,0.0,0.9914236163050656,0.9914772727272727,0.990909090909091,0.9909681049626702
20,gini,,5,1,0.0,,,0.0,balanced,0.0,0.9919959665760375,0.9920454545454545,0.990909090909091,0.9909681049626702
21,gini,,5,1,0.0,sqrt,,0.0,,0.0,0.9931589951041229,0.9931818181818182,0.9931818181818182,0.9931754816901672
22,gini,,5,1,0.0,sqrt,,0.0,balanced,0.0,0.993154509574314,0.9931818181818182,0.9886363636363636,0.9887866161616162
23,gini,,5,1,0.0,log2,,0.0,,0.0,0.9931589951041229,0.9931818181818182,0.9931818181818182,0.9931754816901672
24,gini,,5,1,0.0,log2,,0.0,balanced,0.0,0.993154509574314,0.9931818181818182,0.9886363636363636,0.9887866161616162
25,gini,,5,2,0.0,,,0.0,,0.0,0.9919919382063078,0.9920454545454545,0.990909090909091,0.9909681049626702
26,gini,,5,2,0.0,,,0.0,balanced,0.0,0.9919943056305502,0.9920454545454545,0.990909090909091,0.9909681049626702
27,gini,,5,2,0.0,sqrt,,0.0,,0.0,0.9919862288630691,0.9920454545454545,0.9863636363636363,0.9865163525498891
28,gini,,5,2,0.0,sqrt,,0.0,balanced,0.0,0.993131467287995,0.9931818181818182,0.9863636363636363,0.9866170948616602
29,gini,,5,2,0.0,log2,,0.0,,0.0,0.9919862288630691,0.9920454545454545,0.9863636363636363,0.9865163525498891
30,gini,,5,2,0.0,log2,,0.0,balanced,0.0,0.993131467287995,0.9931818181818182,0.9863636363636363,0.9866170948616602
31,gini,,5,4,0.0,,,0.0,,0.0,0.9902240100398225,0.990340909090909,0.990909090909091,0.9909681049626702
32,gini,,5,4,0.0,,,0.0,balanced,0.0,0.9902240100398225,0.990340909090909,0.990909090909091,0.9909681049626702
33,gini,,5,4,0.0,sqrt,,0.0,,0.0,0.9908825124636597,0.9909090909090909,0.9886363636363636,0.9886372421519275
34,gini,,5,4,0.0,sqrt,,0.0,balanced,0.0,0.9914435845647451,0.9914772727272727,0.9863636363636363,0.9863754794793652
35,gini,,5,4,0.0,log2,,0.0,,0.0,0.9908825124636597,0.9909090909090909,0.9886363636363636,0.9886372421519275
36,gini,,5,4,0.0,log2,,0.0,balanced,0.0,0.9914435845647451,0.9914772727272727,0.9863636363636363,0.9863754794793652
37,gini,,10,1,0.0,,,0.0,,0.0,0.9931568769985564,0.9931818181818182,0.990909090909091,0.9909681049626702
38,gini,,10,1,0.0,,,0.0,balanced,0.0,0.9919943056305502,0.9920454545454545,0.990909090909091,0.9909681049626702
39,gini,,10,1,0.0,sqrt,,0.0,,0.0,0.9948766170524461,0.9948863636363636,0.990909090909091,0.9909681049626702
40,gini,,10,1,0.0,sqrt,,0.0,balanced,0.0,0.9942953587404866,0.9943181818181819,0.990909090909091,0.9909681049626702
41,gini,,10,1,0.0,log2,,0.0,,0.0,0.9948766170524461,0.9948863636363636,0.990909090909091,0.9909681049626702
42,gini,,10,1,0.0,log2,,0.0,balanced,0.0,0.9942953587404866,0.9943181818181819,0.990909090909091,0.9909681049626702
43,gini,,10,2,0.0,,,0.0,,0.0,0.992563534788489,0.9926136363636363,0.990909090909091,0.9909681049626702
44,gini,,10,2,0.0,,,0.0,balanced,0.0,0.991405477946752,0.9914772727272727,0.990909090909091,0.9909681049626702
45,gini,,10,2,0.0,sqrt,,0.0,,0.0,0.9937266215148577,0.99375,0.990909090909091,0.9909052180784402
46,gini,,10,2,0.0,sqrt,,0.0,balanced,0.0,0.9931468511457642,0.9931818181818182,0.990909090909091,0.9909052180784402
47,gini,,10,2,0.0,log2,,0.0,,0.0,0.9937266215148577,0.99375,0.990909090909091,0.9909052180784402
48,gini,,10,2,0.0,log2,,0.0,balanced,0.0,0.9931468511457642,0.9931818181818182,0.990909090909091,0.9909052180784402
49,gini,,10,4,0.0,,,0.0,,0.0,0.9914026243659702,0.9914772727272727,0.990909090909091,0.9909681049626702
50,gini,,10,4,0.0,,,0.0,balanced,0.0,0.9913627411004287,0.9914772727272727,0.9886363636363636,0.9886978413509432
51,gini,,10,4,0.0,sqrt,,0.0,,0.0,0.9937401966459877,0.99375,0.990909090909091,0.9909052180784402
52,gini,,10,4,0.0,sqrt,,0.0,balanced,0.0,0.9919942421554137,0.9920454545454545,0.990909090909091,0.9909052180784402
53,gini,,10,4,0.0,log2,,0.0,,0.0,0.9937401966459877,0.99375,0.990909090909091,0.9909052180784402
54,gini,,10,4,0.0,log2,,0.0,balanced,0.0,0.9919942421554137,0.9920454545454545,0.990909090909091,0.9909052180784402
55,gini,10.0,2,1,0.0,,,0.0,,0.0,0.9902060801303015,0.990340909090909,0.9886363636363636,0.9886434554058777
56,gini,10.0,2,1,0.0,,,0.0,balanced,0.0,0.9901789005764675,0.990340909090909,0.9886363636363636,0.9886434554058777
57,gini,10.0,2,1,0.0,sqrt,,0.0,,0.0,0.994309565886987,0.9943181818181819,0.9863636363636363,0.9866170948616602
58,gini,10.0,2,1,0.0,sqrt,,0.0,balanced,0.0,0.9925763019033399,0.9926136363636363,0.9863636363636363,0.9866179612039898
59,gini,10.0,2,1,0.0,log2,,0.0,,0.0,0.994309565886987,0.9943181818181819,0.9863636363636363,0.9866170948616602
60,gini,10.0,2,1,0.0,log2,,0.0,balanced,0.0,0.9925763019033399,0.9926136363636363,0.9863636363636363,0.9866179612039898
61,gini,10.0,2,2,0.0,,,0.0,,0.0,0.9902156906587074,0.990340909090909,0.990909090909091,0.9909681049626702
62,gini,10.0,2,2,0.0,,,0.0,balanced,0.0,0.9903228288910906,0.9903409090909092,0.9863636363636363,0.9862830930791289
63,gini,10.0,2,2,0.0,sqrt,,0.0,,0.0,0.9931750636161212,0.9931818181818182,0.9840909090909091,0.9842483766233767
64,gini,10.0,2,2,0.0,sqrt,,0.0,balanced,0.0,0.9926050697811437,0.9926136363636363,0.9863636363636363,0.986435418490116
65,gini,10.0,2,2,0.0,log2,,0.0,,0.0,0.9931750636161212,0.9931818181818182,0.9840909090909091,0.9842483766233767
66,gini,10.0,2,2,0.0,log2,,0.0,balanced,0.0,0.9926050697811437,0.9926136363636363,0.9863636363636363,0.986435418490116
67,gini,10.0,2,4,0.0,,,0.0,,0.0,0.9890665802504376,0.9892045454545455,0.9886363636363636,0.9885805685216477
68,gini,10.0,2,4,0.0,,,0.0,balanced,0.0,0.9896759654186462,0.9897727272727274,0.9886363636363636,0.9884904698066258
69,gini,10.0,2,4,0.0,sqrt,,0.0,,0.0,0.9920482544894662,0.9920454545454545,0.9840909090909091,0.9845061188811189
70,gini,10.0,2,4,0.0,sqrt,,0.0,balanced,0.0,0.9897238458556371,0.9897727272727274,0.9863636363636363,0.9864823385834025
71,gini,10.0,2,4,0.0,log2,,0.0,,0.0,0.9920482544894662,0.9920454545454545,0.9840909090909091,0.9845061188811189
72,gini,10.0,2,4,0.0,log2,,0.0,balanced,0.0,0.9897238458556371,0.9897727272727274,0.9863636363636363,0.9864823385834025
73,gini,10.0,5,1,0.0,,,0.0,,0.0,0.9907849198166463,0.990909090909091,0.9840909090909091,0.9838776482565718
74,gini,10.0,5,1,0.0,,,0.0,balanced,0.0,0.9913729425096932,0.9914772727272727,0.9863636363636363,0.9862830930791289
75,gini,10.0,5,1,0.0,sqrt,,0.0,,0.0,0.9908469035738682,0.9909090909090909,0.9863636363636363,0.9866170948616602
76,gini,10.0,5,1,0.0,sqrt,,0.0,balanced,0.0,0.992009542700217,0.9920454545454545,0.9840909090909091,0.9843491189351475
77,gini,10.0,5,1,0.0,log2,,0.0,,0.0,0.9908469035738682,0.9909090909090909,0.9863636363636363,0.9866170948616602
78,gini,10.0,5,1,0.0,log2,,0.0,balanced,0.0,0.992009542700217,0.9920454545454545,0.9840909090909091,0.9843491189351475
79,gini,10.0,5,2,0.0,,,0.0,,0.0,0.9896454199367822,0.9897727272727274,0.9863636363636363,0.9863731917941507
80,gini,10.0,5,2,0.0,,,0.0,balanced,0.0,0.9891748477666205,0.9892045454545455,0.9863636363636363,0.9863731917941507
81,gini,10.0,5,2,0.0,sqrt,,0.0,,0.0,0.9931332793047905,0.9931818181818182,0.9840909090909091,0.9843491189351475
82,gini,10.0,5,2,0.0,sqrt,,0.0,balanced,0.0,0.9937405793426823,0.99375,0.9840909090909091,0.9842143626568898
83,gini,10.0,5,2,0.0,log2,,0.0,,0.0,0.9931332793047905,0.9931818181818182,0.9840909090909091,0.9843491189351475
84,gini,10.0,5,2,0.0,log2,,0.0,balanced,0.0,0.9937405793426823,0.99375,0.9840909090909091,0.9842143626568898
85,gini,10.0,5,4,0.0,,,0.0,,0.0,0.9890665802504376,0.9892045454545455,0.9886363636363636,0.9885805685216477
86,gini,10.0,5,4,0.0,,,0.0,balanced,0.0,0.9896759654186462,0.9897727272727274,0.9886363636363636,0.9884904698066258
87,gini,10.0,5,4,0.0,sqrt,,0.0,,0.0,0.9920482544894662,0.9920454545454545,0.9840909090909091,0.9845061188811189
88,gini,10.0,5,4,0.0,sqrt,,0.0,balanced,0.0,0.9897238458556371,0.9897727272727274,0.9863636363636363,0.9864823385834025
89,gini,10.0,5,4,0.0,log2,,0.0,,0.0,0.9920482544894662,0.9920454545454545,0.9840909090909091,0.9845061188811189
90,gini,10.0,5,4,0.0,log2,,0.0,balanced,0.0,0.9897238458556371,0.9897727272727274,0.9863636363636363,0.9864823385834025
91,gini,10.0,10,1,0.0,,,0.0,,0.0,0.9901789005764675,0.990340909090909,0.9886363636363636,0.9886434554058777
92,gini,10.0,10,1,0.0,,,0.0,balanced,0.0,0.9901885111048735,0.990340909090909,0.9886363636363636,0.9886434554058777
93,gini,10.0,10,1,0.0,sqrt,,0.0,,0.0,0.9919988259325899,0.9920454545454545,0.9795454545454545,0.9799757200937792
94,gini,10.0,10,1,0.0,sqrt,,0.0,balanced,0.0,0.9942334513265598,0.9943181818181819,0.9863636363636363,0.9864201118874372
95,gini,10.0,10,1,0.0,log2,,0.0,,0.0,0.9919988259325899,0.9920454545454545,0.9795454545454545,0.9799757200937792
96,gini,10.0,10,1,0.0,log2,,0.0,balanced,0.0,0.9942334513265598,0.9943181818181819,0.9863636363636363,0.9864201118874372
97,gini,10.0,10,2,0.0,,,0.0,,0.0,0.9902146490947212,0.990340909090909,0.9886363636363636,0.9886434554058777
98,gini,10.0,10,2,0.0,,,0.0,balanced,0.0,0.9896096714185287,0.9897727272727274,0.9931818181818182,0.9931754816901672
99,gini,10.0,10,2,0.0,sqrt,,0.0,,0.0,0.9914267558277391,0.9914772727272727,0.9818181818181818,0.9822381429546063
100,gini,10.0,10,2,0.0,sqrt,,0.0,balanced,0.0,0.9931589951041229,0.9931818181818182,0.9840909090909091,0.9841521359609244
101,gini,10.0,10,2,0.0,log2,,0.0,,0.0,0.9914267558277391,0.9914772727272727,0.9818181818181818,0.9822381429546063
102,gini,10.0,10,2,0.0,log2,,0.0,balanced,0.0,0.9931589951041229,0.9931818181818182,0.9840909090909091,0.9841521359609244
103,gini,10.0,10,4,0.0,,,0.0,,0.0,0.9890834393941492,0.9892045454545453,0.9840909090909091,0.9840128294674018
104,gini,10.0,10,4,0.0,,,0.0,balanced,0.0,0.9896096714185287,0.9897727272727274,0.990909090909091,0.9908508321333748
105,gini,10.0,10,4,0.0,sqrt,,0.0,,0.0,0.9920314317013199,0.9920454545454545,0.9727272727272728,0.9733911627093444
106,gini,10.0,10,4,0.0,sqrt,,0.0,balanced,0.0,0.991460443708457,0.9914772727272727,0.990909090909091,0.9909016798418973
107,gini,10.0,10,4,0.0,log2,,0.0,,0.0,0.9920314317013199,0.9920454545454545,0.9727272727272728,0.9733911627093444
108,gini,10.0,10,4,0.0,log2,,0.0,balanced,0.0,0.991460443708457,0.9914772727272727,0.990909090909091,0.9909016798418973
109,gini,20.0,2,1,0.0,,,0.0,,0.0,0.9931568769985564,0.9931818181818182,0.990909090909091,0.9909681049626702
110,gini,20.0,2,1,0.0,,,0.0,balanced,0.0,0.9914237563881262,0.9914772727272727,0.990909090909091,0.9909681049626702
111,gini,20.0,2,1,0.0,sqrt,,0.0,,0.0,0.9931579477643657,0.9931818181818182,0.9886363636363636,0.9887866161616162
112,gini,20.0,2,1,0.0,sqrt,,0.0,balanced,0.0,0.9931589951041229,0.9931818181818182,0.9863636363636363,0.986435418490116
113,gini,20.0,2,1,0.0,log2,,0.0,,0.0,0.9931579477643657,0.9931818181818182,0.9886363636363636,0.9887866161616162
114,gini,20.0,2,1,0.0,log2,,0.0,balanced,0.0,0.9931589951041229,0.9931818181818182,0.9863636363636363,0.986435418490116
115,gini,20.0,2,2,0.0,,,0.0,,0.0,0.9925624874487321,0.9926136363636363,0.990909090909091,0.9909681049626702
116,gini,20.0,2,2,0.0,,,0.0,balanced,0.0,0.9913849204623416,0.9914772727272727,0.990909090909091,0.9909681049626702
117,gini,20.0,2,2,0.0,sqrt,,0.0,,0.0,0.9931332793047905,0.9931818181818182,0.9931818181818182,0.9931754816901672
118,gini,20.0,2,2,0.0,sqrt,,0.0,balanced,0.0,0.9931725635302108,0.9931818181818182,0.9886363636363636,0.9888859371305023
119,gini,20.0,2,2,0.0,log2,,0.0,,0.0,0.9931332793047905,0.9931818181818182,0.9931818181818182,0.9931754816901672
120,gini,20.0,2,2,0.0,log2,,0.0,balanced,0.0,0.9931725635302108,0.9931818181818182,0.9886363636363636,0.9888859371305023
121,gini,20.0,2,4,0.0,,,0.0,,0.0,0.9902240100398225,0.990340909090909,0.990909090909091,0.9909681049626702
122,gini,20.0,2,4,0.0,,,0.0,balanced,0.0,0.9902240100398225,0.990340909090909,0.990909090909091,0.9909681049626702
123,gini,20.0,2,4,0.0,sqrt,,0.0,,0.0,0.9914530617060839,0.9914772727272727,0.9886363636363636,0.9886372421519275
124,gini,20.0,2,4,0.0,sqrt,,0.0,balanced,0.0,0.9914435845647451,0.9914772727272727,0.9886363636363636,0.9887001290361577
125,gini,20.0,2,4,0.0,log2,,0.0,,0.0,0.9914530617060839,0.9914772727272727,0.9886363636363636,0.9886372421519275
126,gini,20.0,2,4,0.0,log2,,0.0,balanced,0.0,0.9914435845647451,0.9914772727272727,0.9886363636363636,0.9887001290361577
127,gini,20.0,5,1,0.0,,,0.0,,0.0,0.9914236163050656,0.9914772727272727,0.990909090909091,0.9909681049626702
128,gini,20.0,5,1,0.0,,,0.0,balanced,0.0,0.9919959665760375,0.9920454545454545,0.990909090909091,0.9909681049626702
129,gini,20.0,5,1,0.0,sqrt,,0.0,,0.0,0.9937271769223047,0.99375,0.9931818181818182,0.9931754816901672
130,gini,20.0,5,1,0.0,sqrt,,0.0,balanced,0.0,0.9937357678862737,0.99375,0.9863636363636363,0.9865163525498891
131,gini,20.0,5,1,0.0,log2,,0.0,,0.0,0.9937271769223047,0.99375,0.9931818181818182,0.9931754816901672
132,gini,20.0,5,1,0.0,log2,,0.0,balanced,0.0,0.9937357678862737,0.99375,0.9863636363636363,0.9865163525498891
133,gini,20.0,5,2,0.0,,,0.0,,0.0,0.9919919382063078,0.9920454545454545,0.990909090909091,0.9909681049626702
134,gini,20.0,5,2,0.0,,,0.0,balanced,0.0,0.9919943056305502,0.9920454545454545,0.990909090909091,0.9909681049626702
135,gini,20.0,5,2,0.0,sqrt,,0.0,,0.0,0.9931623406172146,0.9931818181818182,0.9863636363636363,0.9865163525498891
136,gini,20.0,5,2,0.0,sqrt,,0.0,balanced,0.0,0.9937248094980623,0.99375,0.9840909090909091,0.984113606141708
137,gini,20.0,5,2,0.0,log2,,0.0,,0.0,0.9931623406172146,0.9931818181818182,0.9863636363636363,0.9865163525498891
138,gini,20.0,5,2,0.0,log2,,0.0,balanced,0.0,0.9937248094980623,0.99375,0.9840909090909091,0.984113606141708
139,gini,20.0,5,4,0.0,,,0.0,,0.0,0.9902240100398225,0.990340909090909,0.990909090909091,0.9909681049626702
140,gini,20.0,5,4,0.0,,,0.0,balanced,0.0,0.9902240100398225,0.990340909090909,0.990909090909091,0.9909681049626702
141,gini,20.0,5,4,0.0,sqrt,,0.0,,0.0,0.9914530617060839,0.9914772727272727,0.9886363636363636,0.9886372421519275
142,gini,20.0,5,4,0.0,sqrt,,0.0,balanced,0.0,0.9914435845647451,0.9914772727272727,0.9886363636363636,0.9887001290361577
143,gini,20.0,5,4,0.0,log2,,0.0,,0.0,0.9914530617060839,0.9914772727272727,0.9886363636363636,0.9886372421519275
144,gini,20.0,5,4,0.0,log2,,0.0,balanced,0.0,0.9914435845647451,0.9914772727272727,0.9886363636363636,0.9887001290361577
145,gini,20.0,10,1,0.0,,,0.0,,0.0,0.9931568769985564,0.9931818181818182,0.990909090909091,0.9909681049626702
146,gini,20.0,10,1,0.0,,,0.0,balanced,0.0,0.9919943056305502,0.9920454545454545,0.990909090909091,0.9909681049626702
147,gini,20.0,10,1,0.0,sqrt,,0.0,,0.0,0.9948766170524461,0.9948863636363636,0.990909090909091,0.9909681049626702
148,gini,20.0,10,1,0.0,sqrt,,0.0,balanced,0.0,0.9937020165304192,0.99375,0.9886363636363636,0.9886978413509432
149,gini,20.0,10,1,0.0,log2,,0.0,,0.0,0.9948766170524461,0.9948863636363636,0.990909090909091,0.9909681049626702
150,gini,20.0,10,1,0.0,log2,,0.0,balanced,0.0,0.9937020165304192,0.99375,0.9886363636363636,0.9886978413509432
151,gini,20.0,10,2,0.0,,,0.0,,0.0,0.992563534788489,0.9926136363636363,0.990909090909091,0.9909681049626702
152,gini,20.0,10,2,0.0,,,0.0,balanced,0.0,0.991405477946752,0.9914772727272727,0.990909090909091,0.9909681049626702
153,gini,20.0,10,2,0.0,sqrt,,0.0,,0.0,0.9942992596610253,0.9943181818181819,0.9931818181818182,0.9931527161862528
154,gini,20.0,10,2,0.0,sqrt,,0.0,balanced,0.0,0.9931468511457642,0.9931818181818182,0.990909090909091,0.9910136037130719
155,gini,20.0,10,2,0.0,log2,,0.0,,0.0,0.9942992596610253,0.9943181818181819,0.9931818181818182,0.9931527161862528
156,gini,20.0,10,2,0.0,log2,,0.0,balanced,0.0,0.9931468511457642,0.9931818181818182,0.990909090909091,0.9910136037130719
157,gini,20.0,10,4,0.0,,,0.0,,0.0,0.9914026243659702,0.9914772727272727,0.990909090909091,0.9909681049626702
158,gini,20.0,10,4,0.0,,,0.0,balanced,0.0,0.9913627411004287,0.9914772727272727,0.9886363636363636,0.9886978413509432
159,gini,20.0,10,4,0.0,sqrt,,0.0,,0.0,0.993185076778474,0.9931818181818182,0.990909090909091,0.9909052180784402
160,gini,20.0,10,4,0.0,sqrt,,0.0,balanced,0.0,0.9925875843654808,0.9926136363636363,0.990909090909091,0.9909052180784402
161,gini,20.0,10,4,0.0,log2,,0.0,,0.0,0.993185076778474,0.9931818181818182,0.990909090909091,0.9909052180784402
162,gini,20.0,10,4,0.0,log2,,0.0,balanced,0.0,0.9925875843654808,0.9926136363636363,0.990909090909091,0.9909052180784402
163,gini,30.0,2,1,0.0,,,0.0,,0.0,0.992587507757557,0.9926136363636363,0.990909090909091,0.9909681049626702
164,gini,30.0,2,1,0.0,,,0.0,balanced,0.0,0.9919919382063078,0.9920454545454545,0.990909090909091,0.9909681049626702
165,gini,30.0,2,1,0.0,sqrt,,0.0,,0.0,0.9931589951041229,0.9931818181818182,0.9886363636363636,0.9887866161616162
166,gini,30.0,2,1,0.0,sqrt,,0.0,balanced,0.0,0.9925656528940555,0.9926136363636363,0.9840909090909091,0.9842539296890621
167,gini,30.0,2,1,0.0,log2,,0.0,,0.0,0.9931589951041229,0.9931818181818182,0.9886363636363636,0.9887866161616162
168,gini,30.0,2,1,0.0,log2,,0.0,balanced,0.0,0.9925656528940555,0.9926136363636363,0.9840909090909091,0.9842539296890621
169,gini,30.0,2,2,0.0,,,0.0,,0.0,0.9925624874487321,0.9926136363636363,0.990909090909091,0.9909681049626702
170,gini,30.0,2,2,0.0,,,0.0,balanced,0.0,0.9913849204623416,0.9914772727272727,0.990909090909091,0.9909681049626702
171,gini,30.0,2,2,0.0,sqrt,,0.0,,0.0,0.9937020165304192,0.99375,0.9931818181818182,0.9931754816901672
172,gini,30.0,2,2,0.0,sqrt,,0.0,balanced,0.0,0.9931589951041229,0.9931818181818182,0.9931818181818182,0.9931754816901672
173,gini,30.0,2,2,0.0,log2,,0.0,,0.0,0.9937020165304192,0.99375,0.9931818181818182,0.9931754816901672
174,gini,30.0,2,2,0.0,log2,,0.0,balanced,0.0,0.9931589951041229,0.9931818181818182,0.9931818181818182,0.9931754816901672
175,gini,30.0,2,4,0.0,,,0.0,,0.0,0.9902240100398225,0.990340909090909,0.990909090909091,0.9909681049626702
176,gini,30.0,2,4,0.0,,,0.0,balanced,0.0,0.9902240100398225,0.990340909090909,0.990909090909091,0.9909681049626702
177,gini,30.0,2,4,0.0,sqrt,,0.0,,0.0,0.9908825124636597,0.9909090909090909,0.9886363636363636,0.9886372421519275
178,gini,30.0,2,4,0.0,sqrt,,0.0,balanced,0.0,0.9914435845647451,0.9914772727272727,0.9863636363636363,0.9863754794793652
179,gini,30.0,2,4,0.0,log2,,0.0,,0.0,0.9908825124636597,0.9909090909090909,0.9886363636363636,0.9886372421519275
180,gini,30.0,2,4,0.0,log2,,0.0,balanced,0.0,0.9914435845647451,0.9914772727272727,0.9863636363636363,0.9863754794793652
181,gini,30.0,5,1,0.0,,,0.0,,0.0,0.9914236163050656,0.9914772727272727,0.990909090909091,0.9909681049626702
182,gini,30.0,5,1,0.0,,,0.0,balanced,0.0,0.9919959665760375,0.9920454545454545,0.990909090909091,0.9909681049626702
183,gini,30.0,5,1,0.0,sqrt,,0.0,,0.0,0.9931589951041229,0.9931818181818182,0.9931818181818182,0.9931754816901672
184,gini,30.0,5,1,0.0,sqrt,,0.0,balanced,0.0,0.993154509574314,0.9931818181818182,0.9886363636363636,0.9887866161616162
185,gini,30.0,5,1,0.0,log2,,0.0,,0.0,0.9931589951041229,0.9931818181818182,0.9931818181818182,0.9931754816901672
186,gini,30.0,5,1,0.0,log2,,0.0,balanced,0.0,0.993154509574314,0.9931818181818182,0.9886363636363636,0.9887866161616162
187,gini,30.0,5,2,0.0,,,0.0,,0.0,0.9919919382063078,0.9920454545454545,0.990909090909091,0.9909681049626702
188,gini,30.0,5,2,0.0,,,0.0,balanced,0.0,0.9919943056305502,0.9920454545454545,0.990909090909091,0.9909681049626702
189,gini,30.0,5,2,0.0,sqrt,,0.0,,0.0,0.9919862288630691,0.9920454545454545,0.9863636363636363,0.9865163525498891
190,gini,30.0,5,2,0.0,sqrt,,0.0,balanced,0.0,0.993131467287995,0.9931818181818182,0.9863636363636363,0.9866170948616602
191,gini,30.0,5,2,0.0,log2,,0.0,,0.0,0.9919862288630691,0.9920454545454545,0.9863636363636363,0.9865163525498891
192,gini,30.0,5,2,0.0,log2,,0.0,balanced,0.0,0.993131467287995,0.9931818181818182,0.9863636363636363,0.9866170948616602
193,gini,30.0,5,4,0.0,,,0.0,,0.0,0.9902240100398225,0.990340909090909,0.990909090909091,0.9909681049626702
194,gini,30.0,5,4,0.0,,,0.0,balanced,0.0,0.9902240100398225,0.990340909090909,0.990909090909091,0.9909681049626702
195,gini,30.0,5,4,0.0,sqrt,,0.0,,0.0,0.9908825124636597,0.9909090909090909,0.9886363636363636,0.9886372421519275
196,gini,30.0,5,4,0.0,sqrt,,0.0,balanced,0.0,0.9914435845647451,0.9914772727272727,0.9863636363636363,0.9863754794793652
197,gini,30.0,5,4,0.0,log2,,0.0,,0.0,0.9908825124636597,0.9909090909090909,0.9886363636363636,0.9886372421519275
198,gini,30.0,5,4,0.0,log2,,0.0,balanced,0.0,0.9914435845647451,0.9914772727272727,0.9863636363636363,0.9863754794793652
199,gini,30.0,10,1,0.0,,,0.0,,0.0,0.9931568769985564,0.9931818181818182,0.990909090909091,0.9909681049626702
200,gini,30.0,10,1,0.0,,,0.0,balanced,0.0,0.9919943056305502,0.9920454545454545,0.990909090909091,0.9909681049626702
201,gini,30.0,10,1,0.0,sqrt,,0.0,,0.0,0.9948766170524461,0.9948863636363636,0.990909090909091,0.9909681049626702
202,gini,30.0,10,1,0.0,sqrt,,0.0,balanced,0.0,0.9942953587404866,0.9943181818181819,0.990909090909091,0.9909681049626702
203,gini,30.0,10,1,0.0,log2,,0.0,,0.0,0.9948766170524461,0.9948863636363636,0.990909090909091,0.9909681049626702
204,gini,30.0,10,1,0.0,log2,,0.0,balanced,0.0,0.9942953587404866,0.9943181818181819,0.990909090909091,0.9909681049626702
205,gini,30.0,10,2,0.0,,,0.0,,0.0,0.992563534788489,0.9926136363636363,0.990909090909091,0.9909681049626702
206,gini,30.0,10,2,0.0,,,0.0,balanced,0.0,0.991405477946752,0.9914772727272727,0.990909090909091,0.9909681049626702
207,gini,30.0,10,2,0.0,sqrt,,0.0,,0.0,0.9937266215148577,0.99375,0.990909090909091,0.9909052180784402
208,gini,30.0,10,2,0.0,sqrt,,0.0,balanced,0.0,0.9931468511457642,0.9931818181818182,0.990909090909091,0.9909052180784402
209,gini,30.0,10,2,0.0,log2,,0.0,,0.0,0.9937266215148577,0.99375,0.990909090909091,0.9909052180784402
210,gini,30.0,10,2,0.0,log2,,0.0,balanced,0.0,0.9931468511457642,0.9931818181818182,0.990909090909091,0.9909052180784402
211,gini,30.0,10,4,0.0,,,0.0,,0.0,0.9914026243659702,0.9914772727272727,0.990909090909091,0.9909681049626702
212,gini,30.0,10,4,0.0,,,0.0,balanced,0.0,0.9913627411004287,0.9914772727272727,0.9886363636363636,0.9886978413509432
213,gini,30.0,10,4,0.0,sqrt,,0.0,,0.0,0.9937401966459877,0.99375,0.990909090909091,0.9909052180784402
214,gini,30.0,10,4,0.0,sqrt,,0.0,balanced,0.0,0.9919942421554137,0.9920454545454545,0.990909090909091,0.9909052180784402
215,gini,30.0,10,4,0.0,log2,,0.0,,0.0,0.9937401966459877,0.99375,0.990909090909091,0.9909052180784402
216,gini,30.0,10,4,0.0,log2,,0.0,balanced,0.0,0.9919942421554137,0.9920454545454545,0.990909090909091,0.9909052180784402
217,entropy,,2,1,0.0,,,0.0,,0.0,0.9902809395373888,0.990340909090909,0.990909090909091,0.9909681049626702
218,entropy,,2,1,0.0,,,0.0,balanced,0.0,0.9919929855460647,0.9920454545454545,0.990909090909091,0.9909681049626702
219,entropy,,2,1,0.0,sqrt,,0.0,,0.0,0.9937402534160824,0.99375,0.9886363636363636,0.9888859371305023
220,entropy,,2,1,0.0,sqrt,,0.0,balanced,0.0,0.9948766170524461,0.9948863636363636,0.990909090909091,0.9909681049626702
221,entropy,,2,1,0.0,log2,,0.0,,0.0,0.9937402534160824,0.99375,0.9886363636363636,0.9888859371305023
222,entropy,,2,1,0.0,log2,,0.0,balanced,0.0,0.9948766170524461,0.9948863636363636,0.990909090909091,0.9909681049626702
223,entropy,,2,2,0.0,,,0.0,,0.0,0.9913859678020988,0.9914772727272727,0.990909090909091,0.9909681049626702
224,entropy,,2,2,0.0,,,0.0,balanced,0.0,0.9919570032010622,0.9920454545454545,0.9931818181818182,0.9931754816901672
225,entropy,,2,2,0.0,sqrt,,0.0,,0.0,0.9931693980848875,0.9931818181818182,0.9886363636363636,0.9886978413509432
226,entropy,,2,2,0.0,sqrt,,0.0,balanced,0.0,0.9931611531943974,0.9931818181818182,0.9863636363636363,0.9865163525498891
227,entropy,,2,2,0.0,log2,,0.0,,0.0,0.9931693980848875,0.9931818181818182,0.9886363636363636,0.9886978413509432
228,entropy,,2,2,0.0,log2,,0.0,balanced,0.0,0.9931611531943974,0.9931818181818182,0.9863636363636363,0.9865163525498891
229,entropy,,2,4,0.0,,,0.0,,0.0,0.9907945592822468,0.9909090909090909,0.990909090909091,0.9909681049626702
230,entropy,,2,4,0.0,,,0.0,balanced,0.0,0.9913849204623416,0.9914772727272727,0.990909090909091,0.9909681049626702
231,entropy,,2,4,0.0,sqrt,,0.0,,0.0,0.9914260603372318,0.9914772727272727,0.9863636363636363,0.9863747770045973
232,entropy,,2,4,0.0,sqrt,,0.0,balanced,0.0,0.9914527068193129,0.9914772727272727,0.9863636363636363,0.9863141778055817
233,entropy,,2,4,0.0,log2,,0.0,,0.0,0.9914260603372318,0.9914772727272727,0.9863636363636363,0.9863747770045973
234,entropy,,2,4,0.0,log2,,0.0,balanced,0.0,0.9914527068193129,0.9914772727272727,0.9863636363636363,0.9863141778055817
235,entropy,,5,1,0.0,,,0.0,,0.0,0.9931597305793382,0.9931818181818182,0.990909090909091,0.9909681049626702
236,entropy,,5,1,0.0,,,0.0,balanced,0.0,0.9914261238123686,0.9914772727272727,0.990909090909091,0.9909681049626702
237,entropy,,5,1,0.0,sqrt,,0.0,,0.0,0.9926059511151903,0.9926136363636363,0.9886363636363636,0.9888859371305023
238,entropy,,5,1,0.0,sqrt,,0.0,balanced,0.0,0.9937396980086357,0.99375,0.9863636363636363,0.9865163525498891
239,entropy,,5,1,0.0,log2,,0.0,,0.0,0.9926059511151903,0.9926136363636363,0.9886363636363636,0.9888859371305023
240,entropy,,5,1,0.0,log2,,0.0,balanced,0.0,0.9937396980086357,0.99375,0.9863636363636363,0.9865163525498891
241,entropy,,5,2,0.0,,,0.0,,0.0,0.9913838731225846,0.9914772727272727,0.9931818181818182,0.9931754816901672
242,entropy,,5,2,0.0,,,0.0,balanced,0.0,0.9919958391268466,0.9920454545454545,0.990909090909091,0.9909681049626702
243,entropy,,5,2,0.0,sqrt,,0.0,,0.0,0.9914488533048746,0.9914772727272727,0.9863636363636363,0.9864298654244306
244,entropy,,5,2,0.0,sqrt,,0.0,balanced,0.0,0.9913869750927713,0.9914772727272727,0.990909090909091,0.9909052180784402
245,entropy,,5,2,0.0,log2,,0.0,,0.0,0.9914488533048746,0.9914772727272727,0.9863636363636363,0.9864298654244306
246,entropy,,5,2,0.0,log2,,0.0,balanced,0.0,0.9913869750927713,0.9914772727272727,0.990909090909091,0.9909052180784402
247,entropy,,5,4,0.0,,,0.0,,0.0,0.9907945592822468,0.9909090909090909,0.990909090909091,0.9909681049626702
248,entropy,,5,4,0.0,,,0.0,balanced,0.0,0.9913849204623416,0.9914772727272727,0.990909090909091,0.9909681049626702
249,entropy,,5,4,0.0,sqrt,,0.0,,0.0,0.9914260603372318,0.9914772727272727,0.9863636363636363,0.9863747770045973
250,entropy,,5,4,0.0,sqrt,,0.0,balanced,0.0,0.9914527068193129,0.9914772727272727,0.9863636363636363,0.9863141778055817
251,entropy,,5,4,0.0,log2,,0.0,,0.0,0.9914260603372318,0.9914772727272727,0.9863636363636363,0.9863747770045973
252,entropy,,5,4,0.0,log2,,0.0,balanced,0.0,0.9914527068193129,0.9914772727272727,0.9863636363636363,0.9863141778055817
253,entropy,,10,1,0.0,,,0.0,,0.0,0.9925876478406176,0.9926136363636363,0.990909090909091,0.9909681049626702
254,entropy,,10,1,0.0,,,0.0,balanced,0.0,0.9920170985981933,0.9920454545454545,0.990909090909091,0.9909681049626702
255,entropy,,10,1,0.0,sqrt,,0.0,,0.0,0.9937396980086357,0.99375,0.990909090909091,0.9909681049626702
256,entropy,,10,1,0.0,sqrt,,0.0,balanced,0.0,0.9920215206528654,0.9920454545454545,0.9863636363636363,0.9865163525498891
257,entropy,,10,1,0.0,log2,,0.0,,0.0,0.9937396980086357,0.99375,0.990909090909091,0.9909681049626702
258,entropy,,10,1,0.0,log2,,0.0,balanced,0.0,0.9920215206528654,0.9920454545454545,0.9863636363636363,0.9865163525498891
259,entropy,,10,2,0.0,,,0.0,,0.0,0.9902157195959023,0.9903409090909092,0.990909090909091,0.9909681049626702
260,entropy,,10,2,0.0,,,0.0,balanced,0.0,0.9913825530380992,0.9914772727272727,0.9931818181818182,0.9931754816901672
261,entropy,,10,2,0.0,sqrt,,0.0,,0.0,0.9914505887137466,0.9914772727272728,0.9863636363636363,0.9863747770045973
262,entropy,,10,2,0.0,sqrt,,0.0,balanced,0.0,0.9931563215911096,0.9931818181818182,0.9931818181818182,0.9931527161862528
263,entropy,,10,2,0.0,log2,,0.0,,0.0,0.9914505887137466,0.9914772727272728,0.9863636363636363,0.9863747770045973
264,entropy,,10,2,0.0,log2,,0.0,balanced,0.0,0.9931563215911096,0.9931818181818182,0.9931818181818182,0.9931527161862528
265,entropy,,10,4,0.0,,,0.0,,0.0,0.9907945592822468,0.9909090909090909,0.990909090909091,0.9909681049626702
266,entropy,,10,4,0.0,,,0.0,balanced,0.0,0.9902263774640649,0.990340909090909,0.990909090909091,0.9909681049626702
267,entropy,,10,4,0.0,sqrt,,0.0,,0.0,0.9914254283218611,0.9914772727272727,0.9863636363636363,0.9864216970978835
268,entropy,,10,4,0.0,sqrt,,0.0,balanced,0.0,0.9925881397729277,0.9926136363636363,0.9863636363636363,0.9863723897956119
269,entropy,,10,4,0.0,log2,,0.0,,0.0,0.9914254283218611,0.9914772727272727,0.9863636363636363,0.9864216970978835
270,entropy,,10,4,0.0,log2,,0.0,balanced,0.0,0.9925881397729277,0.9926136363636363,0.9863636363636363,0.9863723897956119
271,entropy,10.0,2,1,0.0,,,0.0,,0.0,0.9919890398389942,0.9920454545454545,0.990909090909091,0.9909681049626702
272,entropy,10.0,2,1,0.0,,,0.0,balanced,0.0,0.9931317166066709,0.9931818181818182,0.990909090909091,0.9909681049626702
273,entropy,10.0,2,1,0.0,sqrt,,0.0,,0.0,0.9931785892613579,0.9931818181818182,0.9863636363636363,0.9867749611499611
274,entropy,10.0,2,1,0.0,sqrt,,0.0,balanced,0.0,0.9920259769808512,0.9920454545454545,0.9863636363636363,0.9866170948616602
275,entropy,10.0,2,1,0.0,log2,,0.0,,0.0,0.9931785892613579,0.9931818181818182,0.9863636363636363,0.9867749611499611
276,entropy,10.0,2,1,0.0,log2,,0.0,balanced,0.0,0.9920259769808512,0.9920454545454545,0.9863636363636363,0.9866170948616602
277,entropy,10.0,2,2,0.0,,,0.0,,0.0,0.9914154659442055,0.9914772727272727,0.990909090909091,0.9909681049626702
278,entropy,10.0,2,2,0.0,,,0.0,balanced,0.0,0.9902302657420166,0.9903409090909092,0.990909090909091,0.9909681049626702
279,entropy,10.0,2,2,0.0,sqrt,,0.0,,0.0,0.9914506653216704,0.9914772727272728,0.9840909090909091,0.9845061188811189
280,entropy,10.0,2,2,0.0,sqrt,,0.0,balanced,0.0,0.9926056383213776,0.9926136363636363,0.9886363636363636,0.9886978413509432
281,entropy,10.0,2,2,0.0,log2,,0.0,,0.0,0.9914506653216704,0.9914772727272728,0.9840909090909091,0.9845061188811189
282,entropy,10.0,2,2,0.0,log2,,0.0,balanced,0.0,0.9926056383213776,0.9926136363636363,0.9886363636363636,0.9886978413509432
283,entropy,10.0,2,4,0.0,,,0.0,,0.0,0.9907945592822468,0.9909090909090909,0.9886363636363636,0.9886434554058777
284,entropy,10.0,2,4,0.0,,,0.0,balanced,0.0,0.990783901414084,0.990909090909091,0.990909090909091,0.9909681049626702
285,entropy,10.0,2,4,0.0,sqrt,,0.0,,0.0,0.9903394363374496,0.990340909090909,0.9795454545454545,0.9799206316739457
286,entropy,10.0,2,4,0.0,sqrt,,0.0,balanced,0.0,0.9886230455919236,0.9886363636363636,0.9840909090909091,0.9842940305153142
287,entropy,10.0,2,4,0.0,log2,,0.0,,0.0,0.9903394363374496,0.990340909090909,0.9795454545454545,0.9799206316739457
288,entropy,10.0,2,4,0.0,log2,,0.0,balanced,0.0,0.9886230455919236,0.9886363636363636,0.9840909090909091,0.9842940305153142
289,entropy,10.0,5,1,0.0,,,0.0,,0.0,0.9925876478406176,0.9926136363636363,0.990909090909091,0.9909681049626702
290,entropy,10.0,5,1,0.0,,,0.0,balanced,0.0,0.9908143712199173,0.9909090909090909,0.990909090909091,0.9909681049626702
291,entropy,10.0,5,1,0.0,sqrt,,0.0,,0.0,0.9920375673844332,0.9920454545454545,0.9863636363636363,0.9867749611499611
292,entropy,10.0,5,1,0.0,sqrt,,0.0,balanced,0.0,0.9931613502546011,0.9931818181818182,0.9840909090909091,0.9843824395934682
293,entropy,10.0,5,1,0.0,log2,,0.0,,0.0,0.9920375673844332,0.9920454545454545,0.9863636363636363,0.9867749611499611
294,entropy,10.0,5,1,0.0,log2,,0.0,balanced,0.0,0.9931613502546011,0.9931818181818182,0.9840909090909091,0.9843824395934682
295,entropy,10.0,5,2,0.0,,,0.0,,0.0,0.9908114728526037,0.9909090909090909,0.9931818181818182,0.9931754816901672
296,entropy,10.0,5,2,0.0,,,0.0,balanced,0.0,0.9908458903178119,0.9909090909090909,0.990909090909091,0.9909681049626702
297,entropy,10.0,5,2,0.0,sqrt,,0.0,,0.0,0.9931756956314917,0.9931818181818182,0.9863636363636363,0.9865163525498891
298,entropy,10.0,5,2,0.0,sqrt,,0.0,balanced,0.0,0.9931714886221821,0.9931818181818182,0.9818181818181818,0.9820260545888015
299,entropy,10.0,5,2,0.0,log2,,0.0,,0.0,0.9931756956314917,0.9931818181818182,0.9863636363636363,0.9865163525498891
300,entropy,10.0,5,2,0.0,log2,,0.0,balanced,0.0,0.9931714886221821,0.9931818181818182,0.9818181818181818,0.9820260545888015
301,entropy,10.0,5,4,0.0,,,0.0,,0.0,0.9907945592822468,0.9909090909090909,0.9886363636363636,0.9886434554058777
302,entropy,10.0,5,4,0.0,,,0.0,balanced,0.0,0.990783901414084,0.990909090909091,0.990909090909091,0.9909681049626702
303,entropy,10.0,5,4,0.0,sqrt,,0.0,,0.0,0.9903394363374496,0.990340909090909,0.9795454545454545,0.9799206316739457
304,entropy,10.0,5,4,0.0,sqrt,,0.0,balanced,0.0,0.9886230455919236,0.9886363636363636,0.9840909090909091,0.9842940305153142
305,entropy,10.0,5,4,0.0,log2,,0.0,,0.0,0.9903394363374496,0.990340909090909,0.9795454545454545,0.9799206316739457
306,entropy,10.0,5,4,0.0,log2,,0.0,balanced,0.0,0.9886230455919236,0.9886363636363636,0.9840909090909091,0.9842940305153142
307,entropy,10.0,10,1,0.0,,,0.0,,0.0,0.9919348238391494,0.9920454545454545,0.990909090909091,0.9909681049626702
308,entropy,10.0,10,1,0.0,,,0.0,balanced,0.0,0.9919836477623873,0.9920454545454545,0.990909090909091,0.9909052180784402
309,entropy,10.0,10,1,0.0,sqrt,,0.0,,0.0,0.9926056725946915,0.9926136363636363,0.9818181818181818,0.9822436960202917
310,entropy,10.0,10,1,0.0,sqrt,,0.0,balanced,0.0,0.9920220760603122,0.9920454545454545,0.9863636363636363,0.9866170948616602
311,entropy,10.0,10,1,0.0,log2,,0.0,,0.0,0.9926056725946915,0.9926136363636363,0.9818181818181818,0.9822436960202917
312,entropy,10.0,10,1,0.0,log2,,0.0,balanced,0.0,0.9920220760603122,0.9920454545454545,0.9863636363636363,0.9866170948616602
313,entropy,10.0,10,2,0.0,,,0.0,,0.0,0.9902156906587074,0.990340909090909,0.990909090909091,0.9909681049626702
314,entropy,10.0,10,2,0.0,,,0.0,balanced,0.0,0.9908060518388021,0.9909090909090909,0.990909090909091,0.9909681049626702
315,entropy,10.0,10,2,0.0,sqrt,,0.0,,0.0,0.9926051937951682,0.9926136363636363,0.9863636363636363,0.9867749611499611
316,entropy,10.0,10,2,0.0,sqrt,,0.0,balanced,0.0,0.99260800574562,0.9926136363636363,0.9795454545454545,0.9797612022324859
317,entropy,10.0,10,2,0.0,log2,,0.0,,0.0,0.9926051937951682,0.9926136363636363,0.9863636363636363,0.9867749611499611
318,entropy,10.0,10,2,0.0,log2,,0.0,balanced,0.0,0.99260800574562,0.9926136363636363,0.9795454545454545,0.9797612022324859
319,entropy,10.0,10,4,0.0,,,0.0,,0.0,0.9902157195959023,0.9903409090909092,0.990909090909091,0.9909681049626702
320,entropy,10.0,10,4,0.0,,,0.0,balanced,0.0,0.9902545555216866,0.990340909090909,0.990909090909091,0.9909052180784402
321,entropy,10.0,10,4,0.0,sqrt,,0.0,,0.0,0.9920331110564474,0.9920454545454545,0.9795454545454545,0.9799150786082604
322,entropy,10.0,10,4,0.0,sqrt,,0.0,balanced,0.0,0.9920383378372424,0.9920454545454545,0.9818181818181818,0.982031607654487
323,entropy,10.0,10,4,0.0,log2,,0.0,,0.0,0.9920331110564474,0.9920454545454545,0.9795454545454545,0.9799150786082604
324,entropy,10.0,10,4,0.0,log2,,0.0,balanced,0.0,0.9920383378372424,0.9920454545454545,0.9818181818181818,0.982031607654487
325,entropy,20.0,2,1,0.0,,,0.0,,0.0,0.9902809395373888,0.990340909090909,0.990909090909091,0.9909681049626702
326,entropy,20.0,2,1,0.0,,,0.0,balanced,0.0,0.9919929855460647,0.9920454545454545,0.990909090909091,0.9909681049626702
327,entropy,20.0,2,1,0.0,sqrt,,0.0,,0.0,0.9931715161904539,0.9931818181818182,0.9886363636363636,0.9887866161616162
328,entropy,20.0,2,1,0.0,sqrt,,0.0,balanced,0.0,0.9937271769223047,0.99375,0.9886363636363636,0.9887866161616162
329,entropy,20.0,2,1,0.0,log2,,0.0,,0.0,0.9931715161904539,0.9931818181818182,0.9886363636363636,0.9887866161616162
330,entropy,20.0,2,1,0.0,log2,,0.0,balanced,0.0,0.9937271769223047,0.99375,0.9886363636363636,0.9887866161616162
331,entropy,20.0,2,2,0.0,,,0.0,,0.0,0.9913859678020988,0.9914772727272727,0.990909090909091,0.9909681049626702
332,entropy,20.0,2,2,0.0,,,0.0,balanced,0.0,0.9919570032010622,0.9920454545454545,0.9931818181818182,0.9931754816901672
333,entropy,20.0,2,2,0.0,sqrt,,0.0,,0.0,0.9926012162667057,0.9926136363636363,0.9863636363636363,0.9865163525498891
334,entropy,20.0,2,2,0.0,sqrt,,0.0,balanced,0.0,0.9931584396966759,0.9931818181818182,0.9863636363636363,0.9865163525498891
335,entropy,20.0,2,2,0.0,log2,,0.0,,0.0,0.9926012162667057,0.9926136363636363,0.9863636363636363,0.9865163525498891
336,entropy,20.0,2,2,0.0,log2,,0.0,balanced,0.0,0.9931584396966759,0.9931818181818182,0.9863636363636363,0.9865163525498891
337,entropy,20.0,2,4,0.0,,,0.0,,0.0,0.9907945592822468,0.9909090909090909,0.990909090909091,0.9909681049626702
338,entropy,20.0,2,4,0.0,,,0.0,balanced,0.0,0.9913849204623416,0.9914772727272727,0.990909090909091,0.9909681049626702
339,entropy,20.0,2,4,0.0,sqrt,,0.0,,0.0,0.9908166751690229,0.9909090909090909,0.9840909090909091,0.9841932882035431
340,entropy,20.0,2,4,0.0,sqrt,,0.0,balanced,0.0,0.9914527068193129,0.9914772727272727,0.9840909090909091,0.9841068010780846
341,entropy,20.0,2,4,0.0,log2,,0.0,,0.0,0.9908166751690229,0.9909090909090909,0.9840909090909091,0.9841932882035431
342,entropy,20.0,2,4,0.0,log2,,0.0,balanced,0.0,0.9914527068193129,0.9914772727272727,0.9840909090909091,0.9841068010780846
343,entropy,20.0,5,1,0.0,,,0.0,,0.0,0.9931597305793382,0.9931818181818182,0.990909090909091,0.9909681049626702
344,entropy,20.0,5,1,0.0,,,0.0,balanced,0.0,0.9919982065510891,0.9920454545454545,0.990909090909091,0.9909681049626702
345,entropy,20.0,5,1,0.0,sqrt,,0.0,,0.0,0.992603334372272,0.9926136363636363,0.9886363636363636,0.9887866161616162
346,entropy,20.0,5,1,0.0,sqrt,,0.0,balanced,0.0,0.9937271769223047,0.99375,0.9863636363636363,0.9865163525498891
347,entropy,20.0,5,1,0.0,log2,,0.0,,0.0,0.992603334372272,0.9926136363636363,0.9886363636363636,0.9887866161616162
348,entropy,20.0,5,1,0.0,log2,,0.0,balanced,0.0,0.9937271769223047,0.99375,0.9863636363636363,0.9865163525498891
349,entropy,20.0,5,2,0.0,,,0.0,,0.0,0.9913838731225846,0.9914772727272727,0.9931818181818182,0.9931754816901672
350,entropy,20.0,5,2,0.0,,,0.0,balanced,0.0,0.9919958391268466,0.9920454545454545,0.990909090909091,0.9909681049626702
351,entropy,20.0,5,2,0.0,sqrt,,0.0,,0.0,0.9914642972228951,0.9914772727272727,0.9863636363636363,0.9865163525498891
352,entropy,20.0,5,2,0.0,sqrt,,0.0,balanced,0.0,0.9919963602609799,0.9920454545454545,0.9886363636363636,0.9886978413509432
353,entropy,20.0,5,2,0.0,log2,,0.0,,0.0,0.9914642972228951,0.9914772727272727,0.9863636363636363,0.9865163525498891
354,entropy,20.0,5,2,0.0,log2,,0.0,balanced,0.0,0.9919963602609799,0.9920454545454545,0.9886363636363636,0.9886978413509432
355,entropy,20.0,5,4,0.0,,,0.0,,0.0,0.9907945592822468,0.9909090909090909,0.990909090909091,0.9909681049626702
356,entropy,20.0,5,4,0.0,,,0.0,balanced,0.0,0.9913849204623416,0.9914772727272727,0.990909090909091,0.9909681049626702
357,entropy,20.0,5,4,0.0,sqrt,,0.0,,0.0,0.9908166751690229,0.9909090909090909,0.9840909090909091,0.9841932882035431
358,entropy,20.0,5,4,0.0,sqrt,,0.0,balanced,0.0,0.9914527068193129,0.9914772727272727,0.9840909090909091,0.9841068010780846
359,entropy,20.0,5,4,0.0,log2,,0.0,,0.0,0.9908166751690229,0.9909090909090909,0.9840909090909091,0.9841932882035431
360,entropy,20.0,5,4,0.0,log2,,0.0,balanced,0.0,0.9914527068193129,0.9914772727272727,0.9840909090909091,0.9841068010780846
361,entropy,20.0,10,1,0.0,,,0.0,,0.0,0.9925876478406176,0.9926136363636363,0.990909090909091,0.9909681049626702
362,entropy,20.0,10,1,0.0,,,0.0,balanced,0.0,0.9920170985981933,0.9920454545454545,0.990909090909091,0.9909681049626702
363,entropy,20.0,10,1,0.0,sqrt,,0.0,,0.0,0.9943078798268175,0.9943181818181819,0.990909090909091,0.9909681049626702
364,entropy,20.0,10,1,0.0,sqrt,,0.0,balanced,0.0,0.9920215206528654,0.9920454545454545,0.9886363636363636,0.9886978413509432
365,entropy,20.0,10,1,0.0,log2,,0.0,,0.0,0.9943078798268175,0.9943181818181819,0.990909090909091,0.9909681049626702
366,entropy,20.0,10,1,0.0,log2,,0.0,balanced,0.0,0.9920215206528654,0.9920454545454545,0.9886363636363636,0.9886978413509432
367,entropy,20.0,10,2,0.0,,,0.0,,0.0,0.9902157195959023,0.9903409090909092,0.990909090909091,0.9909681049626702
368,entropy,20.0,10,2,0.0,,,0.0,balanced,0.0,0.9913825530380992,0.9914772727272727,0.9931818181818182,0.9931754816901672
369,entropy,20.0,10,2,0.0,sqrt,,0.0,,0.0,0.9914505887137466,0.9914772727272728,0.9863636363636363,0.9863747770045973
370,entropy,20.0,10,2,0.0,sqrt,,0.0,balanced,0.0,0.9925881397729277,0.9926136363636363,0.9931818181818182,0.9931527161862528
371,entropy,20.0,10,2,0.0,log2,,0.0,,0.0,0.9914505887137466,0.9914772727272728,0.9863636363636363,0.9863747770045973
372,entropy,20.0,10,2,0.0,log2,,0.0,balanced,0.0,0.9925881397729277,0.9926136363636363,0.9931818181818182,0.9931527161862528
373,entropy,20.0,10,4,0.0,,,0.0,,0.0,0.9907945592822468,0.9909090909090909,0.990909090909091,0.9909681049626702
374,entropy,20.0,10,4,0.0,,,0.0,balanced,0.0,0.9902263774640649,0.990340909090909,0.990909090909091,0.9909681049626702
375,entropy,20.0,10,4,0.0,sqrt,,0.0,,0.0,0.9914254283218611,0.9914772727272727,0.9863636363636363,0.9864216970978835
376,entropy,20.0,10,4,0.0,sqrt,,0.0,balanced,0.0,0.9925881397729277,0.9926136363636363,0.9863636363636363,0.9863723897956119
377,entropy,20.0,10,4,0.0,log2,,0.0,,0.0,0.9914254283218611,0.9914772727272727,0.9863636363636363,0.9864216970978835
378,entropy,20.0,10,4,0.0,log2,,0.0,balanced,0.0,0.9925881397729277,0.9926136363636363,0.9863636363636363,0.9863723897956119
379,entropy,30.0,2,1,0.0,,,0.0,,0.0,0.9902809395373888,0.990340909090909,0.990909090909091,0.9909681049626702
380,entropy,30.0,2,1,0.0,,,0.0,balanced,0.0,0.9919929855460647,0.9920454545454545,0.990909090909091,0.9909681049626702
381,entropy,30.0,2,1,0.0,sqrt,,0.0,,0.0,0.9937402534160824,0.99375,0.9886363636363636,0.9888859371305023
382,entropy,30.0,2,1,0.0,sqrt,,0.0,balanced,0.0,0.9948766170524461,0.9948863636363636,0.990909090909091,0.9909681049626702
383,entropy,30.0,2,1,0.0,log2,,0.0,,0.0,0.9937402534160824,0.99375,0.9886363636363636,0.9888859371305023
384,entropy,30.0,2,1,0.0,log2,,0.0,balanced,0.0,0.9948766170524461,0.9948863636363636,0.990909090909091,0.9909681049626702
385,entropy,30.0,2,2,0.0,,,0.0,,0.0,0.9913859678020988,0.9914772727272727,0.990909090909091,0.9909681049626702
386,entropy,30.0,2,2,0.0,,,0.0,balanced,0.0,0.9919570032010622,0.9920454545454545,0.9931818181818182,0.9931754816901672
387,entropy,30.0,2,2,0.0,sqrt,,0.0,,0.0,0.9931693980848875,0.9931818181818182,0.9886363636363636,0.9886978413509432
388,entropy,30.0,2,2,0.0,sqrt,,0.0,balanced,0.0,0.9931611531943974,0.9931818181818182,0.9863636363636363,0.9865163525498891
389,entropy,30.0,2,2,0.0,log2,,0.0,,0.0,0.9931693980848875,0.9931818181818182,0.9886363636363636,0.9886978413509432
390,entropy,30.0,2,2,0.0,log2,,0.0,balanced,0.0,0.9931611531943974,0.9931818181818182,0.9863636363636363,0.9865163525498891
391,entropy,30.0,2,4,0.0,,,0.0,,0.0,0.9907945592822468,0.9909090909090909,0.990909090909091,0.9909681049626702
392,entropy,30.0,2,4,0.0,,,0.0,balanced,0.0,0.9913849204623416,0.9914772727272727,0.990909090909091,0.9909681049626702
393,entropy,30.0,2,4,0.0,sqrt,,0.0,,0.0,0.9914260603372318,0.9914772727272727,0.9863636363636363,0.9863747770045973
394,entropy,30.0,2,4,0.0,sqrt,,0.0,balanced,0.0,0.9914527068193129,0.9914772727272727,0.9863636363636363,0.9863141778055817
395,entropy,30.0,2,4,0.0,log2,,0.0,,0.0,0.9914260603372318,0.9914772727272727,0.9863636363636363,0.9863747770045973
396,entropy,30.0,2,4,0.0,log2,,0.0,balanced,0.0,0.9914527068193129,0.9914772727272727,0.9863636363636363,0.9863141778055817
397,entropy,30.0,5,1,0.0,,,0.0,,0.0,0.9931597305793382,0.9931818181818182,0.990909090909091,0.9909681049626702
398,entropy,30.0,5,1,0.0,,,0.0,balanced,0.0,0.9914261238123686,0.9914772727272727,0.990909090909091,0.9909681049626702
399,entropy,30.0,5,1,0.0,sqrt,,0.0,,0.0,0.9926059511151903,0.9926136363636363,0.9886363636363636,0.9888859371305023
400,entropy,30.0,5,1,0.0,sqrt,,0.0,balanced,0.0,0.9937396980086357,0.99375,0.9863636363636363,0.9865163525498891
401,entropy,30.0,5,1,0.0,log2,,0.0,,0.0,0.9926059511151903,0.9926136363636363,0.9886363636363636,0.9888859371305023
402,entropy,30.0,5,1,0.0,log2,,0.0,balanced,0.0,0.9937396980086357,0.99375,0.9863636363636363,0.9865163525498891
403,entropy,30.0,5,2,0.0,,,0.0,,0.0,0.9913838731225846,0.9914772727272727,0.9931818181818182,0.9931754816901672
404,entropy,30.0,5,2,0.0,,,0.0,balanced,0.0,0.9919958391268466,0.9920454545454545,0.990909090909091,0.9909681049626702
405,entropy,30.0,5,2,0.0,sqrt,,0.0,,0.0,0.9914488533048746,0.9914772727272727,0.9863636363636363,0.9864298654244306
406,entropy,30.0,5,2,0.0,sqrt,,0.0,balanced,0.0,0.9913869750927713,0.9914772727272727,0.990909090909091,0.9909052180784402
407,entropy,30.0,5,2,0.0,log2,,0.0,,0.0,0.9914488533048746,0.9914772727272727,0.9863636363636363,0.9864298654244306
408,entropy,30.0,5,2,0.0,log2,,0.0,balanced,0.0,0.9913869750927713,0.9914772727272727,0.990909090909091,0.9909052180784402
409,entropy,30.0,5,4,0.0,,,0.0,,0.0,0.9907945592822468,0.9909090909090909,0.990909090909091,0.9909681049626702
410,entropy,30.0,5,4,0.0,,,0.0,balanced,0.0,0.9913849204623416,0.9914772727272727,0.990909090909091,0.9909681049626702
411,entropy,30.0,5,4,0.0,sqrt,,0.0,,0.0,0.9914260603372318,0.9914772727272727,0.9863636363636363,0.9863747770045973
412,entropy,30.0,5,4,0.0,sqrt,,0.0,balanced,0.0,0.9914527068193129,0.9914772727272727,0.9863636363636363,0.9863141778055817
413,entropy,30.0,5,4,0.0,log2,,0.0,,0.0,0.9914260603372318,0.9914772727272727,0.9863636363636363,0.9863747770045973
414,entropy,30.0,5,4,0.0,log2,,0.0,balanced,0.0,0.9914527068193129,0.9914772727272727,0.9863636363636363,0.9863141778055817
415,entropy,30.0,10,1,0.0,,,0.0,,0.0,0.9925876478406176,0.9926136363636363,0.990909090909091,0.9909681049626702
416,entropy,30.0,10,1,0.0,,,0.0,balanced,0.0,0.9920170985981933,0.9920454545454545,0.990909090909091,0.9909681049626702
417,entropy,30.0,10,1,0.0,sqrt,,0.0,,0.0,0.9937396980086357,0.99375,0.990909090909091,0.9909681049626702
418,entropy,30.0,10,1,0.0,sqrt,,0.0,balanced,0.0,0.9920215206528654,0.9920454545454545,0.9863636363636363,0.9865163525498891
419,entropy,30.0,10,1,0.0,log2,,0.0,,0.0,0.9937396980086357,0.99375,0.990909090909091,0.9909681049626702
420,entropy,30.0,10,1,0.0,log2,,0.0,balanced,0.0,0.9920215206528654,0.9920454545454545,0.9863636363636363,0.9865163525498891
421,entropy,30.0,10,2,0.0,,,0.0,,0.0,0.9902157195959023,0.9903409090909092,0.990909090909091,0.9909681049626702
422,entropy,30.0,10,2,0.0,,,0.0,balanced,0.0,0.9913825530380992,0.9914772727272727,0.9931818181818182,0.9931754816901672
423,entropy,30.0,10,2,0.0,sqrt,,0.0,,0.0,0.9914505887137466,0.9914772727272728,0.9863636363636363,0.9863747770045973
424,entropy,30.0,10,2,0.0,sqrt,,0.0,balanced,0.0,0.9931563215911096,0.9931818181818182,0.9931818181818182,0.9931527161862528
425,entropy,30.0,10,2,0.0,log2,,0.0,,0.0,0.9914505887137466,0.9914772727272728,0.9863636363636363,0.9863747770045973
426,entropy,30.0,10,2,0.0,log2,,0.0,balanced,0.0,0.9931563215911096,0.9931818181818182,0.9931818181818182,0.9931527161862528
427,entropy,30.0,10,4,0.0,,,0.0,,0.0,0.9907945592822468,0.9909090909090909,0.990909090909091,0.9909681049626702
428,entropy,30.0,10,4,0.0,,,0.0,balanced,0.0,0.9902263774640649,0.990340909090909,0.990909090909091,0.9909681049626702
429,entropy,30.0,10,4,0.0,sqrt,,0.0,,0.0,0.9914254283218611,0.9914772727272727,0.9863636363636363,0.9864216970978835
430,entropy,30.0,10,4,0.0,sqrt,,0.0,balanced,0.0,0.9925881397729277,0.9926136363636363,0.9863636363636363,0.9863723897956119
431,entropy,30.0,10,4,0.0,log2,,0.0,,0.0,0.9914254283218611,0.9914772727272727,0.9863636363636363,0.9864216970978835
432,entropy,30.0,10,4,0.0,log2,,0.0,balanced,0.0,0.9925881397729277,0.9926136363636363,0.9863636363636363,0.9863723897956119
433,log_loss,,2,1,0.0,,,0.0,,0.0,0.9902809395373888,0.990340909090909,0.990909090909091,0.9909681049626702
434,log_loss,,2,1,0.0,,,0.0,balanced,0.0,0.9919929855460647,0.9920454545454545,0.990909090909091,0.9909681049626702
435,log_loss,,2,1,0.0,sqrt,,0.0,,0.0,0.9937402534160824,0.99375,0.9886363636363636,0.9888859371305023
436,log_loss,,2,1,0.0,sqrt,,0.0,balanced,0.0,0.9948766170524461,0.9948863636363636,0.990909090909091,0.9909681049626702
437,log_loss,,2,1,0.0,log2,,0.0,,0.0,0.9937402534160824,0.99375,0.9886363636363636,0.9888859371305023
438,log_loss,,2,1,0.0,log2,,0.0,balanced,0.0,0.9948766170524461,0.9948863636363636,0.990909090909091,0.9909681049626702
439,log_loss,,2,2,0.0,,,0.0,,0.0,0.9913859678020988,0.9914772727272727,0.990909090909091,0.9909681049626702
440,log_loss,,2,2,0.0,,,0.0,balanced,0.0,0.9919570032010622,0.9920454545454545,0.9931818181818182,0.9931754816901672
441,log_loss,,2,2,0.0,sqrt,,0.0,,0.0,0.9931693980848875,0.9931818181818182,0.9886363636363636,0.9886978413509432
442,log_loss,,2,2,0.0,sqrt,,0.0,balanced,0.0,0.9931611531943974,0.9931818181818182,0.9863636363636363,0.9865163525498891
443,log_loss,,2,2,0.0,log2,,0.0,,0.0,0.9931693980848875,0.9931818181818182,0.9886363636363636,0.9886978413509432
444,log_loss,,2,2,0.0,log2,,0.0,balanced,0.0,0.9931611531943974,0.9931818181818182,0.9863636363636363,0.9865163525498891
445,log_loss,,2,4,0.0,,,0.0,,0.0,0.9907945592822468,0.9909090909090909,0.990909090909091,0.9909681049626702
446,log_loss,,2,4,0.0,,,0.0,balanced,0.0,0.9913849204623416,0.9914772727272727,0.990909090909091,0.9909681049626702
447,log_loss,,2,4,0.0,sqrt,,0.0,,0.0,0.9914260603372318,0.9914772727272727,0.9863636363636363,0.9863747770045973
448,log_loss,,2,4,0.0,sqrt,,0.0,balanced,0.0,0.9914527068193129,0.9914772727272727,0.9863636363636363,0.9863141778055817
449,log_loss,,2,4,0.0,log2,,0.0,,0.0,0.9914260603372318,0.9914772727272727,0.9863636363636363,0.9863747770045973
450,log_loss,,2,4,0.0,log2,,0.0,balanced,0.0,0.9914527068193129,0.9914772727272727,0.9863636363636363,0.9863141778055817
451,log_loss,,5,1,0.0,,,0.0,,0.0,0.9931597305793382,0.9931818181818182,0.990909090909091,0.9909681049626702
452,log_loss,,5,1,0.0,,,0.0,balanced,0.0,0.9914261238123686,0.9914772727272727,0.990909090909091,0.9909681049626702
453,log_loss,,5,1,0.0,sqrt,,0.0,,0.0,0.9926059511151903,0.9926136363636363,0.9886363636363636,0.9888859371305023
454,log_loss,,5,1,0.0,sqrt,,0.0,balanced,0.0,0.9937396980086357,0.99375,0.9863636363636363,0.9865163525498891
455,log_loss,,5,1,0.0,log2,,0.0,,0.0,0.9926059511151903,0.9926136363636363,0.9886363636363636,0.9888859371305023
456,log_loss,,5,1,0.0,log2,,0.0,balanced,0.0,0.9937396980086357,0.99375,0.9863636363636363,0.9865163525498891
457,log_loss,,5,2,0.0,,,0.0,,0.0,0.9913838731225846,0.9914772727272727,0.9931818181818182,0.9931754816901672
458,log_loss,,5,2,0.0,,,0.0,balanced,0.0,0.9919958391268466,0.9920454545454545,0.990909090909091,0.9909681049626702
459,log_loss,,5,2,0.0,sqrt,,0.0,,0.0,0.9914488533048746,0.9914772727272727,0.9863636363636363,0.9864298654244306
460,log_loss,,5,2,0.0,sqrt,,0.0,balanced,0.0,0.9913869750927713,0.9914772727272727,0.990909090909091,0.9909052180784402
461,log_loss,,5,2,0.0,log2,,0.0,,0.0,0.9914488533048746,0.9914772727272727,0.9863636363636363,0.9864298654244306
462,log_loss,,5,2,0.0,log2,,0.0,balanced,0.0,0.9913869750927713,0.9914772727272727,0.990909090909091,0.9909052180784402
463,log_loss,,5,4,0.0,,,0.0,,0.0,0.9907945592822468,0.9909090909090909,0.990909090909091,0.9909681049626702
464,log_loss,,5,4,0.0,,,0.0,balanced,0.0,0.9913849204623416,0.9914772727272727,0.990909090909091,0.9909681049626702
465,log_loss,,5,4,0.0,sqrt,,0.0,,0.0,0.9914260603372318,0.9914772727272727,0.9863636363636363,0.9863747770045973
466,log_loss,,5,4,0.0,sqrt,,0.0,balanced,0.0,0.9914527068193129,0.9914772727272727,0.9863636363636363,0.9863141778055817
467,log_loss,,5,4,0.0,log2,,0.0,,0.0,0.9914260603372318,0.9914772727272727,0.9863636363636363,0.9863747770045973
468,log_loss,,5,4,0.0,log2,,0.0,balanced,0.0,0.9914527068193129,0.9914772727272727,0.9863636363636363,0.9863141778055817
469,log_loss,,10,1,0.0,,,0.0,,0.0,0.9925876478406176,0.9926136363636363,0.990909090909091,0.9909681049626702
470,log_loss,,10,1,0.0,,,0.0,balanced,0.0,0.9920170985981933,0.9920454545454545,0.990909090909091,0.9909681049626702
471,log_loss,,10,1,0.0,sqrt,,0.0,,0.0,0.9937396980086357,0.99375,0.990909090909091,0.9909681049626702
472,log_loss,,10,1,0.0,sqrt,,0.0,balanced,0.0,0.9920215206528654,0.9920454545454545,0.9863636363636363,0.9865163525498891
473,log_loss,,10,1,0.0,log2,,0.0,,0.0,0.9937396980086357,0.99375,0.990909090909091,0.9909681049626702
474,log_loss,,10,1,0.0,log2,,0.0,balanced,0.0,0.9920215206528654,0.9920454545454545,0.9863636363636363,0.9865163525498891
475,log_loss,,10,2,0.0,,,0.0,,0.0,0.9902157195959023,0.9903409090909092,0.990909090909091,0.9909681049626702
476,log_loss,,10,2,0.0,,,0.0,balanced,0.0,0.9913825530380992,0.9914772727272727,0.9931818181818182,0.9931754816901672
477,log_loss,,10,2,0.0,sqrt,,0.0,,0.0,0.9914505887137466,0.9914772727272728,0.9863636363636363,0.9863747770045973
478,log_loss,,10,2,0.0,sqrt,,0.0,balanced,0.0,0.9931563215911096,0.9931818181818182,0.9931818181818182,0.9931527161862528
479,log_loss,,10,2,0.0,log2,,0.0,,0.0,0.9914505887137466,0.9914772727272728,0.9863636363636363,0.9863747770045973
480,log_loss,,10,2,0.0,log2,,0.0,balanced,0.0,0.9931563215911096,0.9931818181818182,0.9931818181818182,0.9931527161862528
481,log_loss,,10,4,0.0,,,0.0,,0.0,0.9907945592822468,0.9909090909090909,0.990909090909091,0.9909681049626702
482,log_loss,,10,4,0.0,,,0.0,balanced,0.0,0.9902263774640649,0.990340909090909,0.990909090909091,0.9909681049626702
483,log_loss,,10,4,0.0,sqrt,,0.0,,0.0,0.9914254283218611,0.9914772727272727,0.9863636363636363,0.9864216970978835
484,log_loss,,10,4,0.0,sqrt,,0.0,balanced,0.0,0.9925881397729277,0.9926136363636363,0.9863636363636363,0.9863723897956119
485,log_loss,,10,4,0.0,log2,,0.0,,0.0,0.9914254283218611,0.9914772727272727,0.9863636363636363,0.9864216970978835
486,log_loss,,10,4,0.0,log2,,0.0,balanced,0.0,0.9925881397729277,0.9926136363636363,0.9863636363636363,0.9863723897956119
487,log_loss,10.0,2,1,0.0,,,0.0,,0.0,0.9919890398389942,0.9920454545454545,0.990909090909091,0.9909681049626702
488,log_loss,10.0,2,1,0.0,,,0.0,balanced,0.0,0.9931317166066709,0.9931818181818182,0.990909090909091,0.9909681049626702
489,log_loss,10.0,2,1,0.0,sqrt,,0.0,,0.0,0.9931785892613579,0.9931818181818182,0.9863636363636363,0.9867749611499611
490,log_loss,10.0,2,1,0.0,sqrt,,0.0,balanced,0.0,0.9920259769808512,0.9920454545454545,0.9863636363636363,0.9866170948616602
491,log_loss,10.0,2,1,0.0,log2,,0.0,,0.0,0.9931785892613579,0.9931818181818182,0.9863636363636363,0.9867749611499611
492,log_loss,10.0,2,1,0.0,log2,,0.0,balanced,0.0,0.9920259769808512,0.9920454545454545,0.9863636363636363,0.9866170948616602
493,log_loss,10.0,2,2,0.0,,,0.0,,0.0,0.9914154659442055,0.9914772727272727,0.990909090909091,0.9909681049626702
494,log_loss,10.0,2,2,0.0,,,0.0,balanced,0.0,0.9902302657420166,0.9903409090909092,0.990909090909091,0.9909681049626702
495,log_loss,10.0,2,2,0.0,sqrt,,0.0,,0.0,0.9914506653216704,0.9914772727272728,0.9840909090909091,0.9845061188811189
496,log_loss,10.0,2,2,0.0,sqrt,,0.0,balanced,0.0,0.9926056383213776,0.9926136363636363,0.9886363636363636,0.9886978413509432
497,log_loss,10.0,2,2,0.0,log2,,0.0,,0.0,0.9914506653216704,0.9914772727272728,0.9840909090909091,0.9845061188811189
498,log_loss,10.0,2,2,0.0,log2,,0.0,balanced,0.0,0.9926056383213776,0.9926136363636363,0.9886363636363636,0.9886978413509432
499,log_loss,10.0,2,4,0.0,,,0.0,,0.0,0.9907945592822468,0.9909090909090909,0.9886363636363636,0.9886434554058777
500,log_loss,10.0,2,4,0.0,,,0.0,balanced,0.0,0.990783901414084,0.990909090909091,0.990909090909091,0.9909681049626702
501,log_loss,10.0,2,4,0.0,sqrt,,0.0,,0.0,0.9903394363374496,0.990340909090909,0.9795454545454545,0.9799206316739457
502,log_loss,10.0,2,4,0.0,sqrt,,0.0,balanced,0.0,0.9886230455919236,0.9886363636363636,0.9840909090909091,0.9842940305153142
503,log_loss,10.0,2,4,0.0,log2,,0.0,,0.0,0.9903394363374496,0.990340909090909,0.9795454545454545,0.9799206316739457
504,log_loss,10.0,2,4,0.0,log2,,0.0,balanced,0.0,0.9886230455919236,0.9886363636363636,0.9840909090909091,0.9842940305153142
505,log_loss,10.0,5,1,0.0,,,0.0,,0.0,0.9925876478406176,0.9926136363636363,0.990909090909091,0.9909681049626702
506,log_loss,10.0,5,1,0.0,,,0.0,balanced,0.0,0.9908143712199173,0.9909090909090909,0.990909090909091,0.9909681049626702
507,log_loss,10.0,5,1,0.0,sqrt,,0.0,,0.0,0.9920375673844332,0.9920454545454545,0.9863636363636363,0.9867749611499611
508,log_loss,10.0,5,1,0.0,sqrt,,0.0,balanced,0.0,0.9931613502546011,0.9931818181818182,0.9840909090909091,0.9843824395934682
509,log_loss,10.0,5,1,0.0,log2,,0.0,,0.0,0.9920375673844332,0.9920454545454545,0.9863636363636363,0.9867749611499611
510,log_loss,10.0,5,1,0.0,log2,,0.0,balanced,0.0,0.9931613502546011,0.9931818181818182,0.9840909090909091,0.9843824395934682
511,log_loss,10.0,5,2,0.0,,,0.0,,0.0,0.9908114728526037,0.9909090909090909,0.9931818181818182,0.9931754816901672
512,log_loss,10.0,5,2,0.0,,,0.0,balanced,0.0,0.9908458903178119,0.9909090909090909,0.990909090909091,0.9909681049626702
513,log_loss,10.0,5,2,0.0,sqrt,,0.0,,0.0,0.9931756956314917,0.9931818181818182,0.9863636363636363,0.9865163525498891
514,log_loss,10.0,5,2,0.0,sqrt,,0.0,balanced,0.0,0.9931714886221821,0.9931818181818182,0.9818181818181818,0.9820260545888015
515,log_loss,10.0,5,2,0.0,log2,,0.0,,0.0,0.9931756956314917,0.9931818181818182,0.9863636363636363,0.9865163525498891
516,log_loss,10.0,5,2,0.0,log2,,0.0,balanced,0.0,0.9931714886221821,0.9931818181818182,0.9818181818181818,0.9820260545888015
517,log_loss,10.0,5,4,0.0,,,0.0,,0.0,0.9907945592822468,0.9909090909090909,0.9886363636363636,0.9886434554058777
518,log_loss,10.0,5,4,0.0,,,0.0,balanced,0.0,0.990783901414084,0.990909090909091,0.990909090909091,0.9909681049626702
519,log_loss,10.0,5,4,0.0,sqrt,,0.0,,0.0,0.9903394363374496,0.990340909090909,0.9795454545454545,0.9799206316739457
520,log_loss,10.0,5,4,0.0,sqrt,,0.0,balanced,0.0,0.9886230455919236,0.9886363636363636,0.9840909090909091,0.9842940305153142
521,log_loss,10.0,5,4,0.0,log2,,0.0,,0.0,0.9903394363374496,0.990340909090909,0.9795454545454545,0.9799206316739457
522,log_loss,10.0,5,4,0.0,log2,,0.0,balanced,0.0,0.9886230455919236,0.9886363636363636,0.9840909090909091,0.9842940305153142
523,log_loss,10.0,10,1,0.0,,,0.0,,0.0,0.9919348238391494,0.9920454545454545,0.990909090909091,0.9909681049626702
524,log_loss,10.0,10,1,0.0,,,0.0,balanced,0.0,0.9919836477623873,0.9920454545454545,0.990909090909091,0.9909052180784402
525,log_loss,10.0,10,1,0.0,sqrt,,0.0,,0.0,0.9926056725946915,0.9926136363636363,0.9818181818181818,0.9822436960202917
526,log_loss,10.0,10,1,0.0,sqrt,,0.0,balanced,0.0,0.9920220760603122,0.9920454545454545,0.9863636363636363,0.9866170948616602
527,log_loss,10.0,10,1,0.0,log2,,0.0,,0.0,0.9926056725946915,0.9926136363636363,0.9818181818181818,0.9822436960202917
528,log_loss,10.0,10,1,0.0,log2,,0.0,balanced,0.0,0.9920220760603122,0.9920454545454545,0.9863636363636363,0.9866170948616602
529,log_loss,10.0,10,2,0.0,,,0.0,,0.0,0.9902156906587074,0.990340909090909,0.990909090909091,0.9909681049626702
530,log_loss,10.0,10,2,0.0,,,0.0,balanced,0.0,0.9908060518388021,0.9909090909090909,0.990909090909091,0.9909681049626702
531,log_loss,10.0,10,2,0.0,sqrt,,0.0,,0.0,0.9926051937951682,0.9926136363636363,0.9863636363636363,0.9867749611499611
532,log_loss,10.0,10,2,0.0,sqrt,,0.0,balanced,0.0,0.99260800574562,0.9926136363636363,0.9795454545454545,0.9797612022324859
533,log_loss,10.0,10,2,0.0,log2,,0.0,,0.0,0.9926051937951682,0.9926136363636363,0.9863636363636363,0.9867749611499611
534,log_loss,10.0,10,2,0.0,log2,,0.0,balanced,0.0,0.99260800574562,0.9926136363636363,0.9795454545454545,0.9797612022324859
535,log_loss,10.0,10,4,0.0,,,0.0,,0.0,0.9902157195959023,0.9903409090909092,0.990909090909091,0.9909681049626702
536,log_loss,10.0,10,4,0.0,,,0.0,balanced,0.0,0.9902545555216866,0.990340909090909,0.990909090909091,0.9909052180784402
537,log_loss,10.0,10,4,0.0,sqrt,,0.0,,0.0,0.9920331110564474,0.9920454545454545,0.9795454545454545,0.9799150786082604
538,log_loss,10.0,10,4,0.0,sqrt,,0.0,balanced,0.0,0.9920383378372424,0.9920454545454545,0.9818181818181818,0.982031607654487
539,log_loss,10.0,10,4,0.0,log2,,0.0,,0.0,0.9920331110564474,0.9920454545454545,0.9795454545454545,0.9799150786082604
540,log_loss,10.0,10,4,0.0,log2,,0.0,balanced,0.0,0.9920383378372424,0.9920454545454545,0.9818181818181818,0.982031607654487
541,log_loss,20.0,2,1,0.0,,,0.0,,0.0,0.9902809395373888,0.990340909090909,0.990909090909091,0.9909681049626702
542,log_loss,20.0,2,1,0.0,,,0.0,balanced,0.0,0.9919929855460647,0.9920454545454545,0.990909090909091,0.9909681049626702
543,log_loss,20.0,2,1,0.0,sqrt,,0.0,,0.0,0.9931715161904539,0.9931818181818182,0.9886363636363636,0.9887866161616162
544,log_loss,20.0,2,1,0.0,sqrt,,0.0,balanced,0.0,0.9937271769223047,0.99375,0.9886363636363636,0.9887866161616162
545,log_loss,20.0,2,1,0.0,log2,,0.0,,0.0,0.9931715161904539,0.9931818181818182,0.9886363636363636,0.9887866161616162
546,log_loss,20.0,2,1,0.0,log2,,0.0,balanced,0.0,0.9937271769223047,0.99375,0.9886363636363636,0.9887866161616162
547,log_loss,20.0,2,2,0.0,,,0.0,,0.0,0.9913859678020988,0.9914772727272727,0.990909090909091,0.9909681049626702
548,log_loss,20.0,2,2,0.0,,,0.0,balanced,0.0,0.9919570032010622,0.9920454545454545,0.9931818181818182,0.9931754816901672
549,log_loss,20.0,2,2,0.0,sqrt,,0.0,,0.0,0.9926012162667057,0.9926136363636363,0.9863636363636363,0.9865163525498891
550,log_loss,20.0,2,2,0.0,sqrt,,0.0,balanced,0.0,0.9931584396966759,0.9931818181818182,0.9863636363636363,0.9865163525498891
551,log_loss,20.0,2,2,0.0,log2,,0.0,,0.0,0.9926012162667057,0.9926136363636363,0.9863636363636363,0.9865163525498891
552,log_loss,20.0,2,2,0.0,log2,,0.0,balanced,0.0,0.9931584396966759,0.9931818181818182,0.9863636363636363,0.9865163525498891
553,log_loss,20.0,2,4,0.0,,,0.0,,0.0,0.9907945592822468,0.9909090909090909,0.990909090909091,0.9909681049626702
554,log_loss,20.0,2,4,0.0,,,0.0,balanced,0.0,0.9913849204623416,0.9914772727272727,0.990909090909091,0.9909681049626702
555,log_loss,20.0,2,4,0.0,sqrt,,0.0,,0.0,0.9908166751690229,0.9909090909090909,0.9840909090909091,0.9841932882035431
556,log_loss,20.0,2,4,0.0,sqrt,,0.0,balanced,0.0,0.9914527068193129,0.9914772727272727,0.9840909090909091,0.9841068010780846
557,log_loss,20.0,2,4,0.0,log2,,0.0,,0.0,0.9908166751690229,0.9909090909090909,0.9840909090909091,0.9841932882035431
558,log_loss,20.0,2,4,0.0,log2,,0.0,balanced,0.0,0.9914527068193129,0.9914772727272727,0.9840909090909091,0.9841068010780846
559,log_loss,20.0,5,1,0.0,,,0.0,,0.0,0.9931597305793382,0.9931818181818182,0.990909090909091,0.9909681049626702
560,log_loss,20.0,5,1,0.0,,,0.0,balanced,0.0,0.9919982065510891,0.9920454545454545,0.990909090909091,0.9909681049626702
561,log_loss,20.0,5,1,0.0,sqrt,,0.0,,0.0,0.992603334372272,0.9926136363636363,0.9886363636363636,0.9887866161616162
562,log_loss,20.0,5,1,0.0,sqrt,,0.0,balanced,0.0,0.9937271769223047,0.99375,0.9863636363636363,0.9865163525498891
563,log_loss,20.0,5,1,0.0,log2,,0.0,,0.0,0.992603334372272,0.9926136363636363,0.9886363636363636,0.9887866161616162
564,log_loss,20.0,5,1,0.0,log2,,0.0,balanced,0.0,0.9937271769223047,0.99375,0.9863636363636363,0.9865163525498891
565,log_loss,20.0,5,2,0.0,,,0.0,,0.0,0.9913838731225846,0.9914772727272727,0.9931818181818182,0.9931754816901672
566,log_loss,20.0,5,2,0.0,,,0.0,balanced,0.0,0.9919958391268466,0.9920454545454545,0.990909090909091,0.9909681049626702
567,log_loss,20.0,5,2,0.0,sqrt,,0.0,,0.0,0.9914642972228951,0.9914772727272727,0.9863636363636363,0.9865163525498891
568,log_loss,20.0,5,2,0.0,sqrt,,0.0,balanced,0.0,0.9919963602609799,0.9920454545454545,0.9886363636363636,0.9886978413509432
569,log_loss,20.0,5,2,0.0,log2,,0.0,,0.0,0.9914642972228951,0.9914772727272727,0.9863636363636363,0.9865163525498891
570,log_loss,20.0,5,2,0.0,log2,,0.0,balanced,0.0,0.9919963602609799,0.9920454545454545,0.9886363636363636,0.9886978413509432
571,log_loss,20.0,5,4,0.0,,,0.0,,0.0,0.9907945592822468,0.9909090909090909,0.990909090909091,0.9909681049626702
572,log_loss,20.0,5,4,0.0,,,0.0,balanced,0.0,0.9913849204623416,0.9914772727272727,0.990909090909091,0.9909681049626702
573,log_loss,20.0,5,4,0.0,sqrt,,0.0,,0.0,0.9908166751690229,0.9909090909090909,0.9840909090909091,0.9841932882035431
574,log_loss,20.0,5,4,0.0,sqrt,,0.0,balanced,0.0,0.9914527068193129,0.9914772727272727,0.9840909090909091,0.9841068010780846
575,log_loss,20.0,5,4,0.0,log2,,0.0,,0.0,0.9908166751690229,0.9909090909090909,0.9840909090909091,0.9841932882035431
576,log_loss,20.0,5,4,0.0,log2,,0.0,balanced,0.0,0.9914527068193129,0.9914772727272727,0.9840909090909091,0.9841068010780846
577,log_loss,20.0,10,1,0.0,,,0.0,,0.0,0.9925876478406176,0.9926136363636363,0.990909090909091,0.9909681049626702
578,log_loss,20.0,10,1,0.0,,,0.0,balanced,0.0,0.9920170985981933,0.9920454545454545,0.990909090909091,0.9909681049626702
579,log_loss,20.0,10,1,0.0,sqrt,,0.0,,0.0,0.9943078798268175,0.9943181818181819,0.990909090909091,0.9909681049626702
580,log_loss,20.0,10,1,0.0,sqrt,,0.0,balanced,0.0,0.9920215206528654,0.9920454545454545,0.9886363636363636,0.9886978413509432
581,log_loss,20.0,10,1,0.0,log2,,0.0,,0.0,0.9943078798268175,0.9943181818181819,0.990909090909091,0.9909681049626702
582,log_loss,20.0,10,1,0.0,log2,,0.0,balanced,0.0,0.9920215206528654,0.9920454545454545,0.9886363636363636,0.9886978413509432
583,log_loss,20.0,10,2,0.0,,,0.0,,0.0,0.9902157195959023,0.9903409090909092,0.990909090909091,0.9909681049626702
584,log_loss,20.0,10,2,0.0,,,0.0,balanced,0.0,0.9913825530380992,0.9914772727272727,0.9931818181818182,0.9931754816901672
585,log_loss,20.0,10,2,0.0,sqrt,,0.0,,0.0,0.9914505887137466,0.9914772727272728,0.9863636363636363,0.9863747770045973
586,log_loss,20.0,10,2,0.0,sqrt,,0.0,balanced,0.0,0.9925881397729277,0.9926136363636363,0.9931818181818182,0.9931527161862528
587,log_loss,20.0,10,2,0.0,log2,,0.0,,0.0,0.9914505887137466,0.9914772727272728,0.9863636363636363,0.9863747770045973
588,log_loss,20.0,10,2,0.0,log2,,0.0,balanced,0.0,0.9925881397729277,0.9926136363636363,0.9931818181818182,0.9931527161862528
589,log_loss,20.0,10,4,0.0,,,0.0,,0.0,0.9907945592822468,0.9909090909090909,0.990909090909091,0.9909681049626702
590,log_loss,20.0,10,4,0.0,,,0.0,balanced,0.0,0.9902263774640649,0.990340909090909,0.990909090909091,0.9909681049626702
591,log_loss,20.0,10,4,0.0,sqrt,,0.0,,0.0,0.9914254283218611,0.9914772727272727,0.9863636363636363,0.9864216970978835
592,log_loss,20.0,10,4,0.0,sqrt,,0.0,balanced,0.0,0.9925881397729277,0.9926136363636363,0.9863636363636363,0.9863723897956119
593,log_loss,20.0,10,4,0.0,log2,,0.0,,0.0,0.9914254283218611,0.9914772727272727,0.9863636363636363,0.9864216970978835
594,log_loss,20.0,10,4,0.0,log2,,0.0,balanced,0.0,0.9925881397729277,0.9926136363636363,0.9863636363636363,0.9863723897956119
595,log_loss,30.0,2,1,0.0,,,0.0,,0.0,0.9902809395373888,0.990340909090909,0.990909090909091,0.9909681049626702
596,log_loss,30.0,2,1,0.0,,,0.0,balanced,0.0,0.9919929855460647,0.9920454545454545,0.990909090909091,0.9909681049626702
597,log_loss,30.0,2,1,0.0,sqrt,,0.0,,0.0,0.9937402534160824,0.99375,0.9886363636363636,0.9888859371305023
598,log_loss,30.0,2,1,0.0,sqrt,,0.0,balanced,0.0,0.9948766170524461,0.9948863636363636,0.990909090909091,0.9909681049626702
599,log_loss,30.0,2,1,0.0,log2,,0.0,,0.0,0.9937402534160824,0.99375,0.9886363636363636,0.9888859371305023
600,log_loss,30.0,2,1,0.0,log2,,0.0,balanced,0.0,0.9948766170524461,0.9948863636363636,0.990909090909091,0.9909681049626702
601,log_loss,30.0,2,2,0.0,,,0.0,,0.0,0.9913859678020988,0.9914772727272727,0.990909090909091,0.9909681049626702
602,log_loss,30.0,2,2,0.0,,,0.0,balanced,0.0,0.9919570032010622,0.9920454545454545,0.9931818181818182,0.9931754816901672
603,log_loss,30.0,2,2,0.0,sqrt,,0.0,,0.0,0.9931693980848875,0.9931818181818182,0.9886363636363636,0.9886978413509432
604,log_loss,30.0,2,2,0.0,sqrt,,0.0,balanced,0.0,0.9931611531943974,0.9931818181818182,0.9863636363636363,0.9865163525498891
605,log_loss,30.0,2,2,0.0,log2,,0.0,,0.0,0.9931693980848875,0.9931818181818182,0.9886363636363636,0.9886978413509432
606,log_loss,30.0,2,2,0.0,log2,,0.0,balanced,0.0,0.9931611531943974,0.9931818181818182,0.9863636363636363,0.9865163525498891
607,log_loss,30.0,2,4,0.0,,,0.0,,0.0,0.9907945592822468,0.9909090909090909,0.990909090909091,0.9909681049626702
608,log_loss,30.0,2,4,0.0,,,0.0,balanced,0.0,0.9913849204623416,0.9914772727272727,0.990909090909091,0.9909681049626702
609,log_loss,30.0,2,4,0.0,sqrt,,0.0,,0.0,0.9914260603372318,0.9914772727272727,0.9863636363636363,0.9863747770045973
610,log_loss,30.0,2,4,0.0,sqrt,,0.0,balanced,0.0,0.9914527068193129,0.9914772727272727,0.9863636363636363,0.9863141778055817
611,log_loss,30.0,2,4,0.0,log2,,0.0,,0.0,0.9914260603372318,0.9914772727272727,0.9863636363636363,0.9863747770045973
612,log_loss,30.0,2,4,0.0,log2,,0.0,balanced,0.0,0.9914527068193129,0.9914772727272727,0.9863636363636363,0.9863141778055817
613,log_loss,30.0,5,1,0.0,,,0.0,,0.0,0.9931597305793382,0.9931818181818182,0.990909090909091,0.9909681049626702
614,log_loss,30.0,5,1,0.0,,,0.0,balanced,0.0,0.9914261238123686,0.9914772727272727,0.990909090909091,0.9909681049626702
615,log_loss,30.0,5,1,0.0,sqrt,,0.0,,0.0,0.9926059511151903,0.9926136363636363,0.9886363636363636,0.9888859371305023
616,log_loss,30.0,5,1,0.0,sqrt,,0.0,balanced,0.0,0.9937396980086357,0.99375,0.9863636363636363,0.9865163525498891
617,log_loss,30.0,5,1,0.0,log2,,0.0,,0.0,0.9926059511151903,0.9926136363636363,0.9886363636363636,0.9888859371305023
618,log_loss,30.0,5,1,0.0,log2,,0.0,balanced,0.0,0.9937396980086357,0.99375,0.9863636363636363,0.9865163525498891
619,log_loss,30.0,5,2,0.0,,,0.0,,0.0,0.9913838731225846,0.9914772727272727,0.9931818181818182,0.9931754816901672
620,log_loss,30.0,5,2,0.0,,,0.0,balanced,0.0,0.9919958391268466,0.9920454545454545,0.990909090909091,0.9909681049626702
621,log_loss,30.0,5,2,0.0,sqrt,,0.0,,0.0,0.9914488533048746,0.9914772727272727,0.9863636363636363,0.9864298654244306
622,log_loss,30.0,5,2,0.0,sqrt,,0.0,balanced,0.0,0.9913869750927713,0.9914772727272727,0.990909090909091,0.9909052180784402
623,log_loss,30.0,5,2,0.0,log2,,0.0,,0.0,0.9914488533048746,0.9914772727272727,0.9863636363636363,0.9864298654244306
624,log_loss,30.0,5,2,0.0,log2,,0.0,balanced,0.0,0.9913869750927713,0.9914772727272727,0.990909090909091,0.9909052180784402
625,log_loss,30.0,5,4,0.0,,,0.0,,0.0,0.9907945592822468,0.9909090909090909,0.990909090909091,0.9909681049626702
626,log_loss,30.0,5,4,0.0,,,0.0,balanced,0.0,0.9913849204623416,0.9914772727272727,0.990909090909091,0.9909681049626702
627,log_loss,30.0,5,4,0.0,sqrt,,0.0,,0.0,0.9914260603372318,0.9914772727272727,0.9863636363636363,0.9863747770045973
628,log_loss,30.0,5,4,0.0,sqrt,,0.0,balanced,0.0,0.9914527068193129,0.9914772727272727,0.9863636363636363,0.9863141778055817
629,log_loss,30.0,5,4,0.0,log2,,0.0,,0.0,0.9914260603372318,0.9914772727272727,0.9863636363636363,0.9863747770045973
630,log_loss,30.0,5,4,0.0,log2,,0.0,balanced,0.0,0.9914527068193129,0.9914772727272727,0.9863636363636363,0.9863141778055817
631,log_loss,30.0,10,1,0.0,,,0.0,,0.0,0.9925876478406176,0.9926136363636363,0.990909090909091,0.9909681049626702
632,log_loss,30.0,10,1,0.0,,,0.0,balanced,0.0,0.9920170985981933,0.9920454545454545,0.990909090909091,0.9909681049626702
633,log_loss,30.0,10,1,0.0,sqrt,,0.0,,0.0,0.9937396980086357,0.99375,0.990909090909091,0.9909681049626702
634,log_loss,30.0,10,1,0.0,sqrt,,0.0,balanced,0.0,0.9920215206528654,0.9920454545454545,0.9863636363636363,0.9865163525498891
635,log_loss,30.0,10,1,0.0,log2,,0.0,,0.0,0.9937396980086357,0.99375,0.990909090909091,0.9909681049626702
636,log_loss,30.0,10,1,0.0,log2,,0.0,balanced,0.0,0.9920215206528654,0.9920454545454545,0.9863636363636363,0.9865163525498891
637,log_loss,30.0,10,2,0.0,,,0.0,,0.0,0.9902157195959023,0.9903409090909092,0.990909090909091,0.9909681049626702
638,log_loss,30.0,10,2,0.0,,,0.0,balanced,0.0,0.9913825530380992,0.9914772727272727,0.9931818181818182,0.9931754816901672
639,log_loss,30.0,10,2,0.0,sqrt,,0.0,,0.0,0.9914505887137466,0.9914772727272728,0.9863636363636363,0.9863747770045973
640,log_loss,30.0,10,2,0.0,sqrt,,0.0,balanced,0.0,0.9931563215911096,0.9931818181818182,0.9931818181818182,0.9931527161862528
641,log_loss,30.0,10,2,0.0,log2,,0.0,,0.0,0.9914505887137466,0.9914772727272728,0.9863636363636363,0.9863747770045973
642,log_loss,30.0,10,2,0.0,log2,,0.0,balanced,0.0,0.9931563215911096,0.9931818181818182,0.9931818181818182,0.9931527161862528
643,log_loss,30.0,10,4,0.0,,,0.0,,0.0,0.9907945592822468,0.9909090909090909,0.990909090909091,0.9909681049626702
644,log_loss,30.0,10,4,0.0,,,0.0,balanced,0.0,0.9902263774640649,0.990340909090909,0.990909090909091,0.9909681049626702
645,log_loss,30.0,10,4,0.0,sqrt,,0.0,,0.0,0.9914254283218611,0.9914772727272727,0.9863636363636363,0.9864216970978835
646,log_loss,30.0,10,4,0.0,sqrt,,0.0,balanced,0.0,0.9925881397729277,0.9926136363636363,0.9863636363636363,0.9863723897956119
647,log_loss,30.0,10,4,0.0,log2,,0.0,,0.0,0.9914254283218611,0.9914772727272727,0.9863636363636363,0.9864216970978835
648,log_loss,30.0,10,4,0.0,log2,,0.0,balanced,0.0,0.9925881397729277,0.9926136363636363,0.9863636363636363,0.9863723897956119
